comments,category
California Gold Nutrition NMN 분말 섭취가 간편한 분말 보충제에 니코틴아마이드모노뉴클레오타이드 함유 에너지 신진대사 및 세포 건강 증진  글루텐  유전자 변형 성분  대두 무함유 cGMP 인증 시설에서 생산 100  골드 개런티 Gold Guarantee ,brain-cognitive
California Gold Nutrition NMN 니코틴아마이드모노뉴클레오타이드  NAD  전구체 NMN 함유 항산화 기능 및 세포 건강 증진  건강한 신진대사 및 에너지 생성 지원  채식주의자와 비건에게 적합 글루텐  유전자 변형 성분  대두 무함유 cGMP 인증 시설에서 생산 100  골드 개런티 Gold Guarantee ,brain-cognitive
Science Based Nutrition  ProfileProven 품질 보증 보충제 정신 기능과 기억력 지원 비건 유전자 변형 성분 무함유   글루텐 무함유   대두 무함유 뇌 혈액순환 지원 정신 기능과 기억력 촉진,brain-cognitive
보충제 36 1 표준화 항산화 기능 순도 및 효능 보장,brain-cognitive
California Gold Nutrition l 테아닌  100mg AlphaWave  l 테아닌 함유 긴장 완화  글루텐  유전자 변형 성분  대두 무함유 cGMP 인증 시설에서 생산 100  골드 개런티 Gold Guarantee ,brain-cognitive
스트레스 관리 휴식 지원 건강한 혈관 기능 이노시톨 함유 유전자 변형 성분 무함유 보충제 채식주의자 비건에게 적합 코셔 아미노산 1968년 설립된 가족 기업 GMP 품질 보증,brain-cognitive
플러스 유기농 생강   BioPerine  유기농 강황 커큐민 2 250mg 95 로 표준화된 커큐미노이드 500mg이 심장 건강을 증진하고 관절을 강화 보충제 비건 상품 유전자 변형 성분 무함유 글루텐 무함유 대두 무함유,brain-cognitive
글루텐 무함유 유전자 변형 성분 무함유 LE 인증 세포 노화에 대한 더욱 강력한 보호 보충제,brain-cognitive
버섯 추출물 분말 보충제 고급 재배 과학적으로 검증된 활성 성분 글루텐 무함유 유전자 변형 성분 무함유 비건,brain-cognitive
Science Based Nutrition  강황 뿌리에서 추출 Curcumin Complex   및 BioPerine   함유 활성산소를 중화하여 관절 건강에 도움 보충제 유전자 변형 성분 무함유   글루텐 무함유   대두 무함유,brain-cognitive
Science Based Nutrition  1회 제공량당 NMN 300mg 보충제 건강한 노화  에너지 및 NAD  생성 지원 비건에게 적합 유전자 변형 성분 무함유 글루텐 무함유 대두 무함유 미국 약전 USP  인증  천연 발효 CoQ10,brain-cognitive
항정신성 보충제 글루텐 무함유 비건 인증 유전자 변형 성분 무함유 프로젝트 인증 에너지 대사 지원 주의력   정신 집중 지원,brain-cognitive
보충제 리보플라빈 및 B12 리포소말 혼합물 유전자 변형 성분 무함유 cGMP 인증 시설에서 제조,brain-cognitive
글루텐 무함유 유전자 변형 성분 무함유 LE 인증 세포 노화에 대한 보호 보충제,brain-cognitive
Science Based Nutrition  ProfileProven  품질 보증 보충제 Vegan  정신 기능과 기억력 지원 유전자 변형 성분 무함유   글루텐 무함유   대두 무함유,brain-cognitive
뇌 및 신경세포 기능 증진 지방산 운반 세포 에너지 강화 유전자 변형 성분 무함유 보충제 채식주의자 비건에 적합 코셔 아미노산 1968년 설립된 가족 기업 우수 제조 및 품질 관리 기준 GMP  품질 보증,brain-cognitive
California Gold Nutrition CurcuminUP  블랙 커민 씨오일  보스웰리아  생강 함유 오메가3 커큐민 복합체 Longvida  최적화된 커큐민 함유 관절 가동성 및 편안함 지원  글루텐  유전자 변형 성분  대두 무함유 cGMP 인증 시설에서 생산 100  골드 개런티 Gold Guarantee ,brain-cognitive
California Gold Nutrition 트랜스 레스베라트롤 이탈리아산 원료로 제조된 Veri te  98  순수 트랜스 레스베라트롤 에모딘 및 PAH 무함유 건강한 심혈관계 기능 지원  항산화 및 세포 노화 방지 경로 지원  채식주의자와 비건에게 적합 글루텐  유전자 변형 성분  대두 무함유 cGMP 인증 시설에서 생산 100  골드 개런티 Gold Guarantee ,brain-cognitive
글루텐 무함유 유전자 변형 성분 무함유 LE 인증 세포 노화에 대한 보호,brain-cognitive
Science Based Nutrition  ProfileProven  품질 보증 순도 98 의 트랜스 레스베라트롤 보충제 비건 유전자 변형 성분 무함유 글루텐 무함유 대두 무함유,brain-cognitive
California Gold Nutrition PQQ  20mg PureQQ  피롤로퀴놀린 퀴논으로 제조 TapiOgels  타피오카 베지 소프트젤 사용  미토콘드리아 기능 증진  채식주의자와 비건에게 적합 글루텐  유전자 변형 성분  대두 무함유 cGMP 인증 시설에서 생산 100  골드 개런티 Gold Guarantee ,brain-cognitive
항산화제 활성 지원 허브 보충제 글루텐 무함유 100  식물성,brain-cognitive
Science Based Nutrition 항산화 활성  인지 기능 및 기억력 강화 보충제 비건 유전자 변형 성분 무함유   글루텐 무함유   대두 무함유 건강한 노화를 위한 플라보놀 항산화제 지원,brain-cognitive
비건 포뮬라 유전자 변형 성분 무함유 보충제,brain-cognitive
허브 보충제 표준화된 추출물 커큐미노이드 95  유전자 변형 성분 무함유 보충제 채식주의자 비건에 적합 코셔 식물성 허브 1968년 설립된 가족 기업 할랄 우수 제조 및 품질 관리 기준 GMP  품질 보증,brain-cognitive
1988년 설립 Uthever  영원한 젊음  세계 최고의 NMN 보충제 의약품 등급 미국에서 포장 및 품질 검사 완료 우수 제조 및 품질 관리 기준 GMP  인증,brain-cognitive
California Gold Nutrition  Fungiology  노루궁뎅이 버섯 미국에서 재배한 유기농 풀 스펙트럼 버섯 A Bee Organic 유기농 인증 채식주의자 비건에게 적합 무함유 성분  글루텐  유전자 변형 성분  대두 우수 제조 및 품질 관리 기준 cGMP  인증 시설에서 제조,brain-cognitive
두뇌 건강 증진 표준화 추출물 24  유전자 변형 성분 무함유 프로젝트 인증 보충제 채식주의자 비건에게 적합 코셔 1968년 설립된 가족 기업 우수 제조 및 품질 관리 기준 GMP  품질 보증,brain-cognitive
스트레스 관리 휴식 지원 건강한 혈관 기능 디카페인 녹차 함유 유전자 변형 성분 무함유 보충제 채식주의자 비건 제품 코셔 아미노산 1968년에 설립된 가족 기업 우수 제조 및 품질 관리 기준 GMP  품질 보증,brain-cognitive
글루텐 무함유 유전자 변형 성분 무함유 LE 인증 미토콘드리아 지원 강화 보충제 우수한 품질의 Kaneka Ubiquinol 로 제조,brain-cognitive
1930년 설립 유전자 변형 성분 무함유 프로젝트 인증 USDA 유기농 인증 글루텐 무함유 Happiness Through Wellness 스트레스 해소   에너지 향상 부신 기능을 재생합니다  허브 보충제 2개월분량 India Organic 인도 유기농  우수 제조 및 품질 관리 기준 cGMP  비건 친화적 85년 넘게 이어온 가족 기업 Certified Organic By Control Union Certifications 유럽 유기농 인증 기관 인증 ,brain-cognitive
허브 보충제 표준화된 추출물 커큐미노이드 95  유전자 변형 성분 무함유 보충제 채식주의자 비건에게 적합 코셔 식물성 허브 1968년 설립된 가족 기업 할랄 우수 제조 및 품질 관리 기준 GMP  품질 보증,brain-cognitive
전문 등급 베스트셀링 브랜드 건강한 염증 반응 지원 제3 기관 인증 검사 완료 천연 및 비건 제품 알레르기 유발 성분 무함유 및 글루텐 무함유 전문가 제조 자랑스러운 미국산 제품 고객 선호 제품 별 5개 보장 품질 검사 완료   제3 기관 순도 및 효능 인증 유전자 변형 성분 무함유 프로젝트 인증 30일분 천연 보충제 자연이 지켜온 최고의 비밀  강황 커큐민 GMP   우수 제조 및 품질 관리 기준 안전 지식 품질   진실한 약속 더 높은 기준 천연 제품 전문가 제조,brain-cognitive
보충제,brain-cognitive
California Gold Nutrition NMN 플라보노이드 복합체 니코틴아마이드모노뉴클레오타이드 함유 2가지 식물성 성분 아피제닌 및 디하이드로퀘르세틴 함유 Lavitol  디하이드로퀘르세틴으로 제조 항산화 지원  NAD  기능 및 세포 건강 증진  채식주의자에게 적합 글루텐  유전자 변형 성분  대두 무함유 cGMP 인증 시설에서 생산 100  골드 개런티 Gold Guarantee ,brain-cognitive
인지 기능 지원 생체이용률이 높은 콜린 공급원 맑은 정신력을 증진 보충제 채식주의자 비건에게 적합 1968년 설립된 가족 기업 GMP 품질 보증,brain-cognitive
Science Based Nutrition  보충제 포도당 대사와 항산화제 재생 지원 유전자 변형 성분 무함유 글루텐 무함유 대두 무함유 Vegan ,brain-cognitive
1988년 설립 Uthever  영원한 젊음  세계 최고의 NMN 보충제 500mg 제공량 의약품 등급 우수 제조 및 품질 관리 기준 GMP  인증,brain-cognitive
California Gold Nutrition Curcumin C3 Complex   강황 뿌리추출물 흡수율을 높이는 후추 추출물 함유 면역계 건강 및 황산화에 도움  심장 및 관절 건강 증진  채식주의자와 비건에게 적합 글루텐  유전자 변형 성분  대두 무함유 cGMP 인증 시설에서 생산 100  골드 개런티 Gold Guarantee ,brain-cognitive
최대 45 5배 더 높은 생체이용률 보충제 유전자 변형 성분 무함유 LE 인증,brain-cognitive
1930년 설립 USDA 유기농 인증 글루텐 무함유 Happiness Through Wellness 스트레스 해소   에너지 증진 부신 기능을 재생 유전자 변형 성분 무함유 프로젝트 인증 허브 보충제 3개월 분량 인도 유기농 유럽 유기농 인증 기관 유기농 인증 우수 제조 및 품질 관리 기준 cGMP  비건 친화적 제품 85년 넘게 이어온 가족 기업,brain-cognitive
보충제 건강한 노화 신진대사 글루텐 무함유 Thorne 독점판매 제품,brain-cognitive
유전자 변형 성분 무함유 LE 인증 글루텐 무함유 높은 생체 이용률 레스베라트롤 및 케르세틴 보충제,brain-cognitive
항산화제 보충제 보충제 글루텐 없음 품질 보증 실험실 검사 완료,brain-cognitive
심혈관계 및 관절 건강 풀 스펙트럼 허브 포뮬라 허브 보충제 관절 건강  운동성 및 신체 기능 개선 활성산소를 중화하는 항산화제 공급 생체이용률 향상 효과가 있는 흑후추 1969년부터 과학에 기반한 고품질 상품 제공,brain-cognitive
1988년 설립 Uthever  영원한 젊음  세계 최고의 NMN 1회 제공량 300mg 보충제,brain-cognitive
뇌 건강 증진 표준화 추출물 24  유전자 변형 성분 무함유 프로젝트 인증 보충제 채식주의자 비건 제품 코셔 식물성 허브 1968년에 설립된 가족 기업 우수 제조 및 품질 관리 기준 GMP  품질 보증,brain-cognitive
Science Based Nutrition  PureQQ 및 BioPerine  함유 인지 기능 및 기억력 지원 보충제 유전자 변형 성분 무함유   글루텐 무함유   대두 무함유   비건에게 적합 USP 검증  천연 발효 CoQ10,brain-cognitive
글루텐 무함유 유전자 변형 성분 무함유 LE 인증 최대 25배 더 높은 생체이용률 보충제,brain-cognitive
보충제 아슈와간다  가시오갈피  홍경천 복합체 및 라벤더 진정 스트레스 완화 및 정신 집중 채식주의자 비건에 적합 순도 및 효능 보장,brain-cognitive
1947년 설립 신경계 건강을 지원 글루텐  밀 및 유제품 무함유 보충제,brain-cognitive
Lake Avenue Nutrition PQQ  20mg 항산화제 피롤로퀴놀린 퀴논 PQQ  함유 미토콘드리아 기능 증진  채식주의자와 비건에게 적합 글루텐  유전자 변형 성분  대두 무함유 GMP 시설에서 생산,brain-cognitive
활성산소 제거제 건강한 혈관 기능 균형 잡힌 면역 반응 암라 함유 코셔 Pycnogenol Horphag Research 보충제 채식주의자 및 비건에 적합 유전자 변형 성분 무함유 1968년 설립된 가족 기업 우수 제조 및 품질 관리 기준 GMP  품질 보증,brain-cognitive
뇌 및 신경계 건강 허브 보충제 균형 잡힌 정신 및 전반적인 건강 증진 주의력을 유지하면서 차분함 유지 Full Spectrum 천연 허브 포뮬라 1969년부터 과학에 기반한 고품질 상품 제공,brain-cognitive
1969년 설립 기분을 진정시켜줍니다  안전하고 효과가 좋은 제품 레몬밤  패션 플라워  마그네슘  L 테아닌 함유 보충제 땅콩  유제품  대두  계란  글루텐 무함유 채식주의자에게 적합,brain-cognitive
보충제 Nutricost  품질 보장 제3기관 검사 완료 GMP 인증 시설 유전자 변형 성분 무함유 상품 글루텐 무함유,brain-cognitive
유기농 강황 커큐민으로 제조 유기농 생강   BioPerine  함유 유기농 강황 커큐민 2 250mg 보충제 비건에게 적합 유전자 변형 성분 무함유 글루텐 무함유 대두 무함유 BioPerine ,brain-cognitive
보충제 가장 잘 흡수되는 형태의 커큐민  건강한 염증 반응 채식주의자 비건에 적합 순도   효능 보장,brain-cognitive
Science Based Nutrition  강력한 기억력 개선 효과 보충제 비건에게 적합 글루텐 무함유,brain-cognitive
Lake Avenue Nutrition 레스베라트롤 복합체 포도씨추출물  트랜스 레스베라트롤 및 레드 와인 추출물 함유 심혈관 및 세포 건강에 도움  채식주의자와 비건에게 적합 글루텐  유전자 변형 성분  대두 무함유 GMP 시설에서 생산,brain-cognitive
인지력 보충제 품질 보증 재배 검증된 활성 성분 글루텐 무함유 유전자 변형 성분 무함유 비건 상품,brain-cognitive
California Gold Nutrition  MEM Food 노루궁뎅이버섯  l 세린  블루베리  아세틸 l 카르니틴  강황  트랜스 레스베라트롤  소나무껍질추출물  PQQ가 함유된 MEM 혼합물 기억력 및 인지력 증진  채식주의자와 비건에게 적합 글루텐  유전자 변형 성분  대두 무함유 cGMP 인증 시설에서 생산 100  골드 개런티 Gold Guarantee ,brain-cognitive
집중력 두뇌 기능 지원 세포 회복 보충제,brain-cognitive
Science Based Nutrition  강황 뿌리에서 추출 Curcumin C3 Complex  및 BioPerine  함유 활성산소를 중화하여 관절 건강에 도움 보충제 Vegan  유전자 변형 성분  글루텐 및 대두 무함유,brain-cognitive
Lake Avenue Nutrition SAMe S 아데노실 L 메티오닌  S 아데노실 L 메티오닌다이설페이트토실레이트에서 추출한 SAMe 함유 채식주의자에게 적합 장용성 정제 관절  정서  간 건강 증진  유전자 변형 성분  글루텐  대두 무함유 우수 제조 및 품질 관리 기준 GMP  인증 시설에서 생산,brain-cognitive
뇌 및 신경세포 기능 증진 지방산 운반 세포 에너지 강화 유전자 변형 성분 무함유 보충제 채식주의자 비건에게 적합 코셔 우수 제조 및 품질 관리 기준 GMP  품질 보증 할랄 아미노산 1968년 설립된 가족 기업,brain-cognitive
미국에서 제조 재배한 유기농 버섯 균사체로 제조 유전자 변형 성분 무함유 프로젝트 인증 글루텐 무함유 및 비건 상품 보충제 워싱턴주 농무부 유기농 인증 미국 최고의 베스트셀링 버섯 브랜드 꿀벌 친화적 상품 친환경 포장 비건 상품,brain-cognitive
Longvida Optimized Curcumin 혈뇌장벽 이동 우수한 생체이용률을 가진 자유 형태의 커큐민 보충제 채식주의자 및 비건에 적합 유전자 변형 성분 무함유 코셔 식물성 허브 1968년 설립된 가족 기업 우수 제조 및 품질 관리 기준 GMP  품질 보증,brain-cognitive
Science Based Nutrition  보충제 전체 신경계 지원 비건에게 적합 유전자 변형 성분 무함유   글루텐 무함유   대두 무함유,brain-cognitive
Science Based Nutrition  보충제 비건 유전자 변형 성분 무함유   글루텐 무함유   대두 무함유,brain-cognitive
보충제 가장 잘 흡수되는 형태의 커큐민  건강한 염증 반응 채식주의자 비건에 적합 순도 및 효능 보장,brain-cognitive
신경전달물질 지원 긴장 완화 비타민B군 및 발레리안이 함유된 아미노산 혼합물 유전자 변형 성분 무함유 보충제 채식주의자 비건에게 적합 코셔 아미노산 1968년 설립된 가족 소유 기업 우수 제조 및 품질 관리 기준 GMP  품질 보증,brain-cognitive
뇌 건강 및 기능 증진 보충제 글루텐 무함유,brain-cognitive
하루 1회 긴장감   스트레스 완화에 도움 졸립지 않음 하루 중 언제든지 사용 보충제 글루텐 없음,brain-cognitive
유기농 버섯 균사체로 제조 글루텐 무함유 및 비건 상품 유전자 변형 성분 무함유 보충제 미국 워싱턴주 농림부 유기농 인증 미국 최고의 베스트셀링 버섯 브랜드  꿀벌 친화적 상품,brain-cognitive
1988년 설립 Uthever  영원한 젊음  세계 최고의 NMN 미분화 보충제 의약품 등급 우수 제조 및 품질 관리 기준 GMP  인증 중금속 검사 완료 품질 검사 완료   제3 기관 인증 순도 및 효능,brain-cognitive
심혈관계 지원 활성산소 제거 세포 건강 증진 보충제 채식주의자 비건에 적합 우수 제조 및 품질 관리 기준 GMP  품질 보증 전반적인 건강 증진 1968년 설립된 가족 기업,brain-cognitive
California Gold Nutrition 프랑스 해송 껍질추출물 Oligopin  특허 소나무 껍질추출물 함유 프랑스 레 랑드 숲에서 채취 항산화제  심혈관  혈관긴장 기능 지원  활성산소 제거 및 항염증 효능 촉진  무함유 성분  글루텐  유전자 변형 성분  대두 cGMP 인증 시설에서 제조 100  골드 개런티 Gold Guarantee ,brain-cognitive
California Gold Nutrition   EuroHerbs  은행나무 Phyto Proof  EuroMed 품질 인지 건강 강화  플라본글리코사이드 22  및 테르펜 락톤 5 로 표준화 은행나무 원산지 아시아 스페인에서 가공 엽록소로 만든 녹색 베지 캡슐 글루텐  글루텐  유전자 변형 성분  대두 cGMP 인증 시설에서 제조 100  골드 개런티 Gold Guarantee ,brain-cognitive
95  커큐미노이드로 표준화 BioPerine 으로 제조 코코넛오일과 함께 제조 보충제 유전자 변형 없는 성분으로 제조 글루텐 무함유 우수 제조 및 품질 관리 기준 GMP  준수 제3기관 품질 검사 완료 Igen  유전자 변형 성분 무함유 검사 완료 특허받은 C3 Complex ,brain-cognitive
심혈관계 건강 캡슐 1정당 50mg 보충제,brain-cognitive
Lake Avenue Nutrition 레스베라트롤 복합물 포도씨 추출물  트랜스 레스베라트롤  적포도주 추출물 함유 심혈관 및 세포 건강에 도움  채식주의자와 비건에게 적합 글루텐  유전자 변형 성분  대두 무함유 GMP 시설에서 생산,brain-cognitive
Science Based Nutrition  보충제 비건에게 적합  유전자 변형 성분 및 글루텐 무함유 기억력 및 주의력 향상에 도움,brain-cognitive
1998년 설립 흡수력 향상 보충제 1 000mg 제공량 의약품 등급 우수 제조 및 품질 관리 기준 GMP  인증,brain-cognitive
유전자 변형 성분 무함유 LE 인증 글루텐 무함유 심리적 안정과 정서 개선 효과 보충제,brain-cognitive
1967년 설립 주의력 개선에 도움 보충제 글루텐 무함유 대두 무함유 Mason 보증   품질 검사 완료 cGMP 인증   우수 제조 및 품질 관리 기준 인증,brain-cognitive
Uthever    영원한 젊음  세계 최고의 NMN 미분화 보충제 의약품 등급 품질 검사 완료   제3 기관 순도 및 효능 인증 우수 제조 및 품질 관리 기준 GMP  인증 유전자 변형 성분 무함유,brain-cognitive
Mild By Nature Pycnogenol   세럼 프랑스해송껍질추출물 모든 피부 타입에 적합  pH 균형  크루얼티프리 파라벤 및 프탈레이트 무함유,brain-cognitive
보충제 다중 시스템 항산화제 유전자 변형 성분 무함유 인증,brain-cognitive
자연스러운 건강 증진   1996년 설립 Health Products Incorporated 정서 안정 촉진 보충제 코셔 기분 건강 지원,brain-cognitive
두뇌 건강 지원 소프트젤 1정당 DHA 1 000mg GOED 오메가3   Proud Member 보충제 유전자 변형 성분 무함유 오메가3 피쉬 오일 1968년 설립된 가족 소유 기업 GMP 품질 보증,brain-cognitive
커큐민 파이토솜 보충제 관절 강화 간 건강 증진 해독 GI 건강 증진 상처 부상 회복 글루텐 무함유 대두 무함유,brain-cognitive
두뇌 기능 강화 기억력 향상 보충제 유전자 변형 성분 무함유 비건 GMP 등록 시설에서 제조,brain-cognitive
글루텐 무함유 고급 바이오 퀘르세틴 테라플라빈 아피제닌 포뮬라 유전자 변형 성분 무함유 LE 인증 보충제,brain-cognitive
활성산소 제거제 건강한 혈관 기능 보조 균형 잡힌 면역 반응 지원 아세로라 및 루틴 분말 함유 Pycnogenol Horphag Research 보충제 채식주의자 및 비건에 적합 유전자 변형 성분 무함유 코셔 일반 건강 1968년 설립된 가족 기업 우수 제조 및 품질 관리 기준 GMP  품질 보증,brain-cognitive
관절 및 정서적 웰빙 지원 유전자 변형 성분 무함유 LE 인증 보충제,brain-cognitive
신경 활성 아미노산 긴장 완화 촉진 보충제 NSF 유전자 변형 성분 무함유 인증 비건 제품 베지 캡슐,brain-cognitive
천연 원료 시르투인 활성화제 심혈관계   신경계 건강 증진 칼로리 제한 모방 작용 보충제 유전자 변형 성분 무함유   NSF 인증 채식주의자 비건에게 적합 베지 캡슐 Silbinol ,brain-cognitive
Sharp PS  인지력 향상 두뇌 건강 증진 유전자 변형 성분 무함유 글루텐 무함유 두뇌 건강 Cogni PS  포스파티딜세린 보충제,brain-cognitive
보충제 허브 인자 은행 나무 플라본 글리코사이드 24  테르펜락톤 6  기억력 및 정신력 강화 순도 및 효능 보장,brain-cognitive
매일 1정 글루텐 무함유 유전자 변형 성분 무함유 LE 인증 내피간 플라크 안정제 보충제,brain-cognitive
California Gold Nutrition PQQ  20mg PureQQ  피롤로퀴놀린 퀴논으로 제조 TapiOgels  타피오카 베지 소프트젤 사용  미토콘드리아 기능 증진  채식주의자와 비건에게 적합 글루텐  유전자 변형 성분  대두 무함유 cGMP 인증 시설에서 생산 100  골드 개런티 Gold Guarantee ,brain-cognitive
1972년 설립 트랜스 레스베라트롤 농축액 건강한 심혈관 기능 지원 항산화 효과 트랜스 레스베라트롤 125mg 뛰어난 맛 농축액 보충제   30일 제공량 글루텐 무함유 유전자 변형 성분 무함유 프리미엄 식물성 성분 무스카딘포도 추출물 함유 트랜스 레스베라트롤 125mg 공급 보존제 무함유 인공 감미료 무함유 인공 향료 또는 색소 무함유 밀  글루텐  효모  소금 또는 유제품 무함유 벤조산염 또는 소르브산염 무함유,brain-cognitive
글루텐 무함유 유전자 변형 성분 무함유 LE 인증 인지 기능 촉진 보충제,brain-cognitive
생강이 함유된 유기농 발효 강황 유기농 후추 및 소화를 돕는 프로바이오틱스 USDA 유기농 유전자 변형 성분 없음 프로젝트 인증 허브 보조제 코셔 QCS 인증 유기농 사회적 기업 인증 NSF 인증   글루텐 무함유 비건 인증,brain-cognitive
부신 지원 Relora 함유 건강한 부신 반응을 지원 식욕 관리 의학 박사 Hyla Cass의 추천 제품 보충제 채식주의자 및 비건에 적합 코셔 1968년에 설립된 가족 기업 우수 제조 및 품질 관리 기준 GMP  품질 보증,brain-cognitive
인지 기능 촉진 은행 추출물  RoseOx   포스파티딜 세린 함유 활성산소 제거 및 신경 영양소 공급 유전자 변형 성분 무함유 보충제 채식주의자 비건 코셔 일반 건강 1968년 설립된 가족 소유 기업 GMP 품질 보증,brain-cognitive
California Gold Nutrition MEM 부스트 알파 GPC  노루궁뎅이버섯  포스파티딜세린 함유 프리미엄 성분으로 제조 기억력 및 인지력 증진  채식주의자와 비건에게 적합 글루텐 및 유전자 변형 성분 무함유 cGMP 인증 시설에서 생산 100  골드 개런티 Gold Guarantee ,brain-cognitive
슈퍼 버섯 유기농 노루궁뎅이버섯으로 제조 유전자 변형 성분 무함유 프로젝트 인증 보충제 채식주의자 및 비건에 적합 코셔 식물 허브 1968년 설립된 가족 기업 QAI 유기농 인증 GMP 품질 보증,brain-cognitive
Host Defense  Mushrooms  USDA 유기농 인증 유전자 변형 성분 무함유 보충제 미국 워싱턴주 농림부 유기농 인증 폴 스테이메츠  Fungi Perfecti  LLC 글루텐 무함유 비건 친환경 포장,brain-cognitive
건강 보조 식품 디메틸아미노에탄올 주석산염은 정신 집중력을 강화합니다 ,brain-cognitive
글루텐 무함유 유전자 변형 성분 무함유 LE 인증 뇌 건강 증진 보충제,brain-cognitive
뇌 및 신경세포 기능 증진 지방산 운반 세포 에너지 강화 유전자 변형 성분 무함유 보충제 채식주의자 비건에 적합 코셔 아미노산 1968년 설립된 가족 기업 우수 제조 및 품질 관리 기준 GMP  품질 보증,brain-cognitive
인지 기능 촉진 은행나무 추출물  RoseOx   포스파티딜세린 함유 활성산소 제거   신경 영양소 공급 보충제 유전자 변형 성분 무함유 채식주의자 비건 제품 코셔 일반 건강 1968년에 설립된 가족 기업 우수 제조 및 품질 관리 기준 GMP  품질 보증,brain-cognitive
글루텐 무함유 유전자 변형 성분 무함유 LE 인증 최대 7배 향상된 흡수력  보충제,brain-cognitive
인지 건강 지연 방출 허브 보충제 건강한 인지 기능 유지에 도움 뇌 및 신경계 건강에 도움이 될 수 있음 집중력 및 정신적인 명료함을 유지하는 데 전통적으로 사용됨 1969년부터 과학에 기반한 고품질 상품 제공 식물성,brain-cognitive
활성산소 제거 OPC 소나무 껍질 추출물 90  보충제 채식주의자 비건에 적합 식물성 허브 1968년 설립된 가족 기업 GMP 품질 보증,brain-cognitive
비타민 100  품질 만족 보장 글루텐 무함유 유전자 변형 성분 무함유 허브 보충제 DNA 검사 완료 식물 성분 TRU ID 진품 인증 전통적인 허브 보충제,brain-cognitive
재채기 콧물 코막힘 가벼운 인후통 동종 요법 약물 졸음을 유발하지 않음 알려진 약물 상호 작용 없음 신체의 자연 치유력에 도움 동종 요법 의약품의 세계적인 리더,brain-cognitive
Science Based Nutrition  정서 및 신경 기능에 도움 편안한 관절 운동에 도움 간 건강 및 해독에 도움 채식주의자에게 적합 보충제 유전자 변형 성분 무함유   글루텐 무함유   대두 무함유 디설페이트 토실레이트 함유,brain-cognitive
심혈관계 및 면역 건강 폴리페놀 공급원 허브 보충제 활성산소를 중화하는 항산화 작용 전반적인 신체 건강을 위한 강력한 허브 혼합물 1969년부터 과학에 기반한 고품질 상품 제공,brain-cognitive
후추   커큐민   생강 보충제 리포소말을 통한 전달 방식 아유르베다에서 영감을 얻은 제품 유전자 변형 성분 무함유 우수 제조 및 품질 관리 기준 cGMP  인증,brain-cognitive
전반적인 건강과 혈관 건강을 증진하는 안티에이징 추출물 유전자 변형 성분 무함유 LE 인증 보충제,brain-cognitive
건강 보조 식품 기본적인 제품 간 해독 글루텐 불포함,brain-cognitive
건강한 인지 기능 지원 대두 성분 무함유 Cogni PS  포스파티딜세린 Sharp PS  그린 보충제,brain-cognitive
뇌 및 신경세포 기능 증진 지방산 운반 세포 에너지 강화 유전자 변형 성분 무함유 보충제 채식주의자 및 비건에 적합 코셔 아미노산 1968년 설립된 가족 소유 기업 우수 제조 및 품질 관리 기준 GMP  품질 보증,brain-cognitive
Science Based Nutrition  균일한 품질 효능   순도 검사 완료 보충제 1회 제공량당 400mg NMN   레스베라트롤   홍경천   인삼 유전자 변형 성분 무함유   글루텐 무함유   대두 무함유   비건에게 적합,brain-cognitive
1973년 설립 두뇌 발달 지원 천연 포도 맛 보충제 품질 검사 완료,brain-cognitive
글루텐 무함유 유전자 변형 성분 무함유 LE 인증 세포 에너지 대사 지원 보충제,brain-cognitive
It s Fun to Feel Good 부신에 에너지 및 영양 충전 영양 보충제 유전자 변형 성분 무함유 글루텐 무함유 대두 무함유 비건 상품,brain-cognitive
하루 한 알 보충제 Niagen   미국 식품의약국 신규식이원료 인증 획득 임상 검증된 NAD  수치 증가 효과 신체의 에너지  엔진  미토콘드리아 에 연료 공급 NSF Sport 인증 할랄 코셔,brain-cognitive
1988년 설립 Uthever  영원한 젊음  세계 최고의 NMN 미분화 보충제 의약품 등급 품질 검사 완료   제3 기관 인증 순도 및 효능 우수 제조 및 품질 관리 기준 GMP  인증 유전자 변형 성분 무함유,brain-cognitive
California Gold Nutrition CurcuminUP  관절 운동성 및 편안함 지원  AlaskOmega  농축 오메가3 피쉬 오일 Longvida  강황추출물 Curcuma longa  블랙커민 씨오일  보스웰리아 및 생강 함유 무함유 성분  글루텐  유전자 변형 성분  대두 제3 기관이 검증한 우수 제조 및 품질 관리 기준 cGMP  인증 시설에서 제조 100  골드 개런티 100  Gold Guarantee ,brain-cognitive
California Gold Nutrition  프랑스산 해송껍질추출물 Oligopin  특허 소나무껍질추출물 함유 프랑스 레 랑드 숲에서 채취 항산화제  심혈관  혈관긴장 기능 지원  활성산소 제거 및 항염 효능 촉진  무함유 성분  글루텐  유전자 변형 성분  대두 우수 제조 및 품질 관리 기준 cGMP  인증 시설에서 생산 100  골드 개런티 Gold Guarantee ,brain-cognitive
보충제 두뇌 신경 글루텐 무함유,brain-cognitive
Science Based Nutrition  정서 및 신경 기능에 도움 편안한 관절 운동에 도움 간 건강 및 해독에 도움 보충제 Vegetarian  유전자 변형 성분 무함유   글루텐 무함유   대두 무함유 디설페이트 토실레이트 함유,brain-cognitive
Science Based Nutrition  500mg 생물학적으로 이용 가능한 커큐민 관절 건강 증진에 도움 유전자 변형 성분 무함유   글루텐 무함유   대두 무함유   비건에게 적합 보충제,brain-cognitive
글루텐 무함유 매일 1정 유전자 변형 성분 무함유 LE 인증 미토콘드리아 생합성 지원 보충제,brain-cognitive
주의력 증진 탁월성 보장된 효과 BioAlign  두뇌 신진대사 지원 보충제 Sharp PS ,brain-cognitive
California Gold Nutrition 아세틸 L 카르니틴 500mg  베지 캡슐 60정 세포 에너지 대사 지원  심혈관계  인지  미토콘드리아 기능에 중요  글루텐  유전자 변형 성분  대두 무함유 cGMP 인증 시설에서 생산 100  골드 개런티 Gold Guarantee ,brain-cognitive
관절 건강과 정서적 웰빙 지원 유전자 변형 성분 무함유 LE 인증 보충제,brain-cognitive
두뇌 건강 증진 표준화 추출물 24  가시오갈피뿌리 함유 유전자 변형 성분 무함유 프로젝트 인증 보충제 채식주의자 비건에게 적합 코셔 식물성 허브 1968년 설립된 가족 기업 우수 제조 및 품질 관리 기준 GMP  품질 보증 할랄,brain-cognitive
피롤로퀴놀린 퀴논 미토콘드리아 생물 발생 촉진 심장 건강 및 인지 기능 지원 보충제 우수한 품질의 Q Kaneka 유비퀴놀로 제조,brain-cognitive
뇌 및 신경계 건강 캡슐 1정당 50mg 보충제 호르몬 건강 증진 기억력 및 인지 기능 건강 유지에 도움 1969년부터 과학에 기반한 고품질 상품 제공,brain-cognitive
25년 이상 지켜 온 프리미엄 품질 진정   스트레스 완화   수면   근육   신경 포뮬라 높은 흡수율 Albion Minerals 비건 유전자 변형 성분 무함유 원료로 제조 글루텐 무함유 보충제 증량제  결합제 또는 일반적인 알레르기 유발 성분 무함유  Enhancing Nature s Miracles Since 1994 ,brain-cognitive
집중력 강화 두뇌 기능 증진 세포 회복 보충제,brain-cognitive
건강 보조 식품,brain-cognitive
Science Based Nutrition  고효능 레스베라트롤 포뮬라 보충제 Vegan  유전자 변형 성분 무함유   글루텐 무함유   대두 무함유,brain-cognitive
임상 연구로 입증 신체적  정신적 스트레스 증상 완화 효과 긍정적인 기분 밸런스 형성을 지원 보충제,brain-cognitive
유전자 변형 성분 무함유 Microlingual  보충제,brain-cognitive
25년 이상 지켜 온 프리미엄 품질 액티브 홀 스펙트럼 4 1 추출물 비건 유전자 변형 없는 성분으로 제조 글루텐 무함유 건강 보조 식품 우수 제조 및 품질 관리 기준 GMP  품질 보증   FDA 등록 Enhancing Nature s Miracles Since 1994,brain-cognitive
보충제 노루궁뎅이버섯 Hericium erinaceus  캡슐당 500mg 품질 검사 완료,brain-cognitive
1947년 설립 더 많이  더 좋게  더 빠르게  185배 우수한 생체이용률  오래 가는 효과 유전자 변형 성분 무함유 글루텐  밀 및 유제품 무함유 보충제,brain-cognitive
글루텐 무함유 유전자 변형 성분 무함유 LE 인증 최대 45 5배 더 높은 생체이용률 보충제,brain-cognitive
하루 1정 글루텐 무함유 유전자 변형 성분 무함유 LE 인증 스트레스에 대한 코티솔 반응의 균형 촉진 보충제,brain-cognitive
항산화제   관절 지원 Bioperine  함유 강황 커큐민 흡수율 향상을 위한 Bioperine  30회 제공량 보충제,brain-cognitive
보충제 250mg 제공 천연 트랜스 레스베라트롤 건강한 노화 촉진 채식주의자 비건에게 적합 순도 및 효능 보장,brain-cognitive
베타니코틴아마이드모노뉴클레오타이드 보충제 리포소말 혼합물 베타니코틴아마이드모노뉴클레오타이드 및 트라이메틸글라이신 우수 제조 및 품질 관리 기준 cGMP  인증 유전자 변형 성분 무함유,brain-cognitive
항산화 효과 보충제 글루텐 무함유 비건 베지 캡슐 NSF  유전자 변형 성분 무함유 인증,brain-cognitive
건강한 인지 기능 촉진 유전자 변형 성분 무함유 LE 인증 보충제,brain-cognitive
니코틴아마이드리보사이드 보충제 뇌 신경 건강한 노화 신진 대사 글루텐 무함유 T 독점판매 제품,brain-cognitive
보충제 건강한 간 기능 순도   효능 보장,brain-cognitive
건강보조식품 천연 영양 보조인자 함유 부신 부신 피질 추출물,brain-cognitive
보충제 관절 강화 간 해독 GI 지원 상처 부상 글루텐 무함유 Thorne 독점판매 제품 대두 성분 무함유,brain-cognitive
1973년 설립 보충제 품질 검사 완료 건강한 삶 지원,brain-cognitive
글루텐 무함유 코셔 파르브 Bio Chelated  저온 추출 공법 허브 보충제 1972년 설립 건강한 뇌 기능 지원 Discover Nature s Answer ,brain-cognitive
글루텐 무함유 유전자 변형 성분 무함유 LE 인증 최대 10배 더 높은 생체이용률 보충제,brain-cognitive
NutraLife  건강 제품 포함 1정당 활성 S 아데노실 메티오닌 400mg 함유 GMP를 준수하여 제조 보충제 NutraLife  SAMe  장용성 정제는 Star K가 인증한 코셔 인증 제품,brain-cognitive
신경학적으로 활성인 아미노산 긴장 완화 Suntheanine  보충제 NSF 유전자 변형 성분 무함유 인증 비건 베지 캡슐 채식주의자 비건에게 적합,brain-cognitive
부신 지원 건강 보조 식품 활력 스트레스 관리 글루텐 없음,brain-cognitive
심혈관계 건강 개선 캡슐당 100mg 보충제,brain-cognitive
정신 상태 증진 효과의 프로바이오틱과 사프란 혼합물 매일 1회 글루텐 무함유 유전자 변형 성분 무함유 LE 인증 보충제,brain-cognitive
유기농 과일로 제조 보충제 유전자 변형 성분 무함유 성분으로 제조 글루텐 무함유 GMP 인증 제3 기관 품질 검사 완료 Igen  유전자 변형 성분 무함유 검사 완료 천연 과일로 제조 안토시아닌 공급원,brain-cognitive
글루텐 무함유 기억력 유지 및 건강한 혈액 순환에 도움 유전자 변형 성분 무함유 LE 인증 보충제,brain-cognitive
관절 건강과 정서적 웰빙 지원 유전자 변형 성분 무함유 LE 인증 보충제,brain-cognitive
인지 건강 캡슐당 60mg 표준화 허브 보충제 건강한 인지 기능 유지에 도움 뇌 및 신경계 건강에 도움이 될 수 있음 집중력 및 정신적인 명료함을 유지하는 데 전통적으로 사용됨 1969년부터 과학에 기반한 고품질 상품 제공,brain-cognitive
보충제 눈 건강 기초 건강 건강한 노화 글루텐 무함유,brain-cognitive
뇌 기능 강화 보충제 비건에게 적합 베지 캡슐 채식주의자 비건에게 적합,brain-cognitive
두뇌  기억력  정신 능력 지원 허브 보조식품 글루텐 불포함,brain-cognitive
보충제 프로안토시아니딘 복합체,brain-cognitive
글루텐 무함유 유전자 변형 성분 무함유 LE 인증 수면 개선 및 스트레스 감소 보충제,brain-cognitive
Meriva  항산화 효과 보충제 비건 NSF 유전자 변형 성분 무함유 인증,brain-cognitive
건강 보조 식품 정신 안정   이완 작용 Suntheanine  채식주의자 비건에게 적합 순도   효능 보장,brain-cognitive
심혈관 및 관절 건강 풀 스펙트럼 허브 포뮬라 허브 보충제 관절 건강  운동성 및 신체 기능 개선 활성산소를 중화하는 항산화제 공급 1969년부터 과학에 기반한 고품질 상품 제공,brain-cognitive
Lake Avenue Nutrition  L 세린 아미노산 두뇌 건강 증진  채식주의자와 비건에게 적합 무함유 성분  글루텐  유전자 변형 성분  대두 GMP 인증 시설에서 생산,brain-cognitive
강황 Curcuma Longa  원산지  인도 KCS 코셔 인증 QAI 유기농 인증 USDA 유기농 인증,brain-cognitive
California Gold Nutrition Superfoods GoldenCeps  카페인이 없는 인스턴트 유기농 강황 음료 유기농 강황  아슈와간다  동충하초  영지버섯 및 향신료 USDA 유기농  ECOCERT 유기농 인증 인공 감미료 무함유  인공 보존제 무함유 글루텐 무함유  유전자 변형 성분 무함유  대두 무함유 cGMP 인증 시설에서 생산 100  골드 개런티 Gold Guarantee ,brain-cognitive
Curcumin Complex C3  강황 추출물 항산화 지원 제공 관절 기능 지원 보충제 글루텐 무함유 비건 채식주의자 비건에 적합 베지 캡슐 NSF 유전자 변형 성분 무함유 인증,brain-cognitive
보충제 Nutricost  품질 보장 제3기관 검사 완료 유전자 변형 성분 무함유 상품 글루텐 무함유 GMP 인증 시설,brain-cognitive
혁신적인 품질  1932년부터  건강 보조 식품 확실한 품질 매일 2정 비타민 B 복합물,brain-cognitive
보충제 가장 잘 흡수되는 형태의 커큐민  염증에 정상적으로 대응 채식주의자 비건에게 적합한 제품 순도 및 효능 보장,brain-cognitive
비타민 및 보충제 브랜드 약사 추천 1위  표준화 추출물 함유 항산화 효과 허브 보충제 색소 무함유 인공향료 무함유 보존제 무함유 글루텐 무함유,brain-cognitive
알코올 무함유 글루텐 무함유 대두 무함유 유제품 무함유 유전자 변형 성분 무함유 비건 액상 허브 드롭스 간 영양 공급   독소 제거 보충제 자연 속의 어린이들을 위한 100  천연 포뮬러 일일 해독 및 장기 지원 Generation Rescue 추천 제품,brain-cognitive
글루텐 무함유 높은 생체이용률 조합 유전자 변형 성분 무함유 LE 인증 보충제,brain-cognitive
관절 건강 및 가동성 허브 보충제 750mg 피부 건강  관절 건강  운동성 및 신체 기능 개선 항산화 효과 제공 Full Spectrum  천연 허브 뿌리줄기 포뮬라 1969년부터 과학에 기반한 고품질 상품 제공,brain-cognitive
두뇌  기억 및 정신 수행 지원 허브 보충제 글루텐 무함유 품질 보증   실험실 검사 완료 100  식물성,brain-cognitive
1973년 설립 관절 건강 USDA 유기농 인증 품질 검사 완료 비건 보충제 건강한 삶 지원,brain-cognitive
스트레스 지원 베스트셀링 포뮬러 허브 보조제 사회적 기업 인증,brain-cognitive
글루텐 무함유 세포 에너지 생산 증진 보충제 유전자 변형 성분 무함유 LE 인증,brain-cognitive
Lake Avenue Nutrition 커큐민 95 표준화된 강황 추출물 항산화 지원  심장 건강 및 인지 건강  관절 건강에 도움  글루텐  유전자 변형 성분 및 대두 무함유 우수 제조 및 품질 관리 기준 GMP  인증 시설에서 생산,brain-cognitive
관절 건강 표준화된 강황 추출물 브로멜라인 2400 GDU g 건강 보조 식품 채식주의자   비건 코셔 일반 건강 1968 년 설립된 가족 기업 GMP 품질 보증,brain-cognitive
건강한 관절 유지 생체이용률이 높은 강황 추출물 30건이 넘는 임상 연구로 검증된 상품 유전자 변형 성분 무함유 보충제 채식주의자 비건에게 적합 코셔 식물성 허브 1968년 설립된 가족 기업 할랄 우수 제조 및 품질 관리 기준 GMP  품질 보증,brain-cognitive
두뇌 기능 건강에 도움 콜린 및 포스파티딜세린 함유 안전하고 효과가 좋은 상품 보충제 땅콩  유제품  대두  계란  글루텐 무함유 전 세계에서 고품질의 원료 조달 채식주의자에게 적합,brain-cognitive
뇌 및 신경계 건강 캡슐당 100mg 보충제,brain-cognitive
Science Based Nutrition  Meriva    생물학적으로 이용 가능한 커큐민 관절 건강 증진에 도움 비건에게 적합   유전자 변형 성분 무함유   글루텐 무함유   대두 무함유 보충제,brain-cognitive
뇌 및 신경계 건강 캡슐당 60mg 허브 보충제 정신  신체  가정을 위한 전반적인 웰니스 증진 최고의 순도 및 효능 1969년부터 과학에 기반한 고품질 상품 제공,brain-cognitive
보충제 다이메틸아미노에탄올 바이타트레이트 집중력 향상에 도움,brain-cognitive
플러스 강황 추출물 50 mg  커큐미노이드 95 로 표준화 항산화 건강 지원 허브 건강 허브 건강 보조 식품 품질 보증 시험기관 테스트 완료,brain-cognitive
허브 보조제 USDA 유기농 유전자 변형 성분 미함유 프로젝트 인증 B Corporation 인증 코셔 할랄 Aditi Organic Certifications Pvt  Ltd  인증 유기농  비건 식물성 글루텐 무함유,brain-cognitive
USDA 유기농 인증 유전자 변형 성분 무함유 프로젝트 인증 유기농 발효 천연 강황   생강 소화를 돕는 유기농 흑후추   프로바이오틱 2개월분 허브 보충제 코셔 QCS 유기농 인증 B  corp  인증 비건 인증 NSF 글루텐 무함유 인증 생산 유통 이력제  검사 완료   믿을 수 있는 성분 제3 기관 감사  유기농 인증   유전자 변형 성분 무함유 인증 전문가가 조제,brain-cognitive
Meriva  항산화 효과 보충제 비건 제품 NSF 유전자 변형 성분 무함유 인증,brain-cognitive
긴장 완화 및 집중력 Suntheanine 와 코코넛 오일로 만든 제품 보충제 유전자 변형 없는 성분으로 제조 글루텐 무함유 cGMP   우수 제조 및 품질 관리 기준 GMP  제3 기관 검사 완료 IGEN   유전자 변형 성분 무함유 검사 완료 코코넛오일과 함께 제조,brain-cognitive
긍정적인 기분 항상 지원 보충제 제3 기관 품질 검사 완료 Certified Open Source    모든 성분 라벨 표시 미국 우수 제조 및 품질 관리 기준 cGMP  인증 시설에서 제조 ,brain-cognitive
인지 기능 촉진 유전자 변형 성분 무함유 알파리포산 200mg 함유 미토콘드리아 지원 보충제 비건 및 채식주의자에게 적합 일반 건강 우수 제조 및 품질 관리 기준 GMP  품질 보증 1968년 설립된 가족 기업,brain-cognitive
건강한 인지 기능 지원 대두 무함유 Cogni PS    포스파티딜세린 보충제 Sharp PS Green,brain-cognitive
글루텐 무함유 유전자 변형 성분 무함유 LE 인증 식품 유래 폴리페놀 건강 보조 식품,brain-cognitive
기타 천연 향료 첨가 보충제 심장 건강 증진 소화 기능 보조 관절 강화 면역력 강화 염증 지원  채식주의자에게 적합 글루텐 무함유 유전자 변형 성분 무함유,brain-cognitive
USDA 유기농 인증 유전자 변형 성분 무함유 프로젝트 인증 유기농 발효 강황 및 생강 진짜 과일로 제조 글루텐 무함유 Real Food 허브 보충제 코셔 NSF   글루텐 무함유 인증 비건 인증 B  corp  인증 QCS 유기농 인증,brain-cognitive
평온한 마음과 신체 보충제 채식주의자에게 적합 Relora ,brain-cognitive
프리미엄 | 식물성 슈퍼푸드 풍부한 필수 영양소 20칼로리   필수 영양소 제공   저온 건조   1회 제공량 5g당 고함량 커큐민 공급원  따뜻하고 편안해지는 맛과 향 주방의 웰빙   필수 아이템 USDA 유기농 유전자 변형 성분 없음 프로젝트 인증 고대의 보물 울금  전통 아유르베다 약재 커큐민  강력한 시스템 밸런서 흑후추  더 효과적인 흡수를 위해 글로벌 사회적 기업 인증 코셔 글루텐 무함유 비건 Control Union Certifications 유기농 인증 BPA 무함유 긍정적인 마음   긍정적인 분위기   긍정적 삶,brain-cognitive
1947년 설립 바쁜 라이프 스타일 지원 에너지 신진대사 신경계 면역력 지원 유전자 변형 성분 무함유 밀   유제품 무함유 비건에 적절함 글루텐 미함유 인증 코셔 파르브 보충제,brain-cognitive
USDA 유기농 인증 유전자 변형 성분 무함유 프로젝트 인증 1회 제공량당 OM 재배 버섯 2 000mg 50회 제공량 버섯 슈퍼 푸드 기억력  집중력  신경 건강 보충제 분말 글루텐 무함유 비건 첨가당 무함유 케토 친화 제품 팔레오 친화 제품 여러분의 Microbiome을 위한 버섯 불필요한 성분을 전혀 넣지 않은 기능성 제품 필요한 모든 영양소 함유 인공 또는 합성 성분 무함유 중금속 검사 완료 투명성 ID 검사 완료 EarthKosher 코셔 인증 Organic Certifiers 유기농 인증 버섯은 회사의 주문과도 같습니다  오옴  Ommmmm ,brain-cognitive
보충제 두뇌 기능  기억력  집중력 증진 순도   효능 보장,brain-cognitive
1988년 설립 Uthever  영원한 젊음  세계 최고의 NMN 나이아신아마이드 모노뉴클레오타이드 보충제,brain-cognitive
100  순도   유기농 유기농 버섯 추출물 분말 고급 재배 과학적으로 검증된 활성 성분 곡물 무함유 전분 무함유 증량제 무함유 비건 유전자 변형 성분 무함유 코셔 검사 완료 글루텐 무함유 USDA 유기농 보충제 순도  효능  역사 QAI 유기능 인증,brain-cognitive
유전자 변형 성분 무함유 LE 인증 미토콘드리아 생물 발생 지원 보충제 글루텐 무함유,brain-cognitive
1회 제공량당 알파 GPC 50  600mg 보충제 Nutricost  품질 보장 식물성 상품 GMP 인증 시설 유전자 변형 성분 무함유 상품 제3기관 검사 완료 글루텐 무함유,brain-cognitive
건강한 염증 반응 강화 보충제 With Curcumin C3 Complex  강력한 항산화제 성분 건강한 염증 반응,brain-cognitive
두뇌 건강 Sharp PS  그린 보충제 채식주의자 비건에게 적합 유전자 변형 성분 무함유 전반적인 건강 지원 1968년 설립된 가족 기업 우수 제조 및 품질 관리 기준 GMP  품질 보증,brain-cognitive
1988년 설립 세계 최고의 NMN을 위한 Uthever  영원한 젊음 NMN 1 000mg  트랜스 레스베라트롤 1 000mg  TMG 500mg 2 500mg 제공량 보충제 제3 기관 품질 검사 완료  순도 및 효능 인증 미국에서 제조 및 품질 검사 완료 우수 제조 및 품질 관리 기준 GMP  인증 중금속 검사 완료,brain-cognitive
정서적 건강 및 관절 건강 1정당 400mg 보충제 정서 건강  기분 건강  신경전달물질 생성 촉진 건강한 관절 기능 지원 1969년부터 과학에 기반한 고품질 상품 제공 장용성으로 코팅하여 안정성 강화,brain-cognitive
1987년 설립 뇌 및 신경계 강화 자실체 추출물만 사용 유기농 버섯으로 제조 5배  강도 유전자 변형 성분 무함유 프로젝트 인증 하루 한 알 허브 보충제 Oregon Tilth 유기농 인증 곡물 및 쌀 증량제 무함유 글루텐 무함유 B  corp  인증,brain-cognitive
강황 95  추출물 산화 방지제 보조 허브 보충제 글루텐 무함유 품질 보증 검사 완료 100  식물성,brain-cognitive
보충제 정신 안정   이완 작용 채식주의자 비건에 적합 순도   효능 보장,brain-cognitive
보충제 유전자 변형 성분 무함유 대두 무함유 PS Factor 뇌 건강의 비법 Sharp   PS Green 순도   효능 보장,brain-cognitive
글루텐 무함유 유전자 변형 성분 무함유 LE 인증 맑은 정신 보충제,brain-cognitive
허브 보충제 유전자 변형 성분 무함유 프로젝트 인증 1972년 설립 뇌 기능 건강 증진 1회 제공량당 2 000mg Discover Nature s Answer  글루텐 무함유 코셔 파르브 Bio Chelated  저온 추출 공법,brain-cognitive
글루텐 무함유 유전자 변형 성분 무함유 LE 인증 면역계 기능을 증진하는 강황 포뮬라 보충제,brain-cognitive
간편하게 NAD  수치 강화 건강한 노화 지원 에너지 수준 향상 인지 기능 강화 체지방 수치 및 제지방량 개선 보충제 GMP 품질   우수 제조 및 관리 기준 유전자 변형 성분 무함유 글루텐 무함유 순도 품질 보증 Feel Younger  Look Younger  Live Younger ,brain-cognitive
관절 건강 및 운동성 캡슐 1정당 300mg 허브 보충제 관절 건강  가동성 및 신체 기능 강화 활성산소를 중화하는 항산화제 공급 근골격계 건강 강화 1969년부터 과학에 기반한 고품질 상품 제공,brain-cognitive
관절 건강 및 가동성 캡슐당 720mg 허브 보충제 피부 건강  관절 건강  운동성 및 신체 기능 개선 항산화 효과 제공 1969년부터 과학에 기반한 고품질 상품 제공,brain-cognitive
간헐적 불안 및 스트레스 완화에 도움 임상 시험 완료 성분 허브 건강 보충제 채식주의자에게 적합,brain-cognitive
마음의 평온 보충제,brain-cognitive
보충제 학습 및 기억력 지원,brain-cognitive
보충제 포스파티딜세린 유전자 변형 성분 무함유 대두 성분 무함유 PS Factor  뇌 건강의 비법,brain-cognitive
보충제 건강 증진 비건 젤라틴 무함유 천연 향료  색소 글루텐 무함유,brain-cognitive
항산화제 포뮬라 건강하고 활력있는 노화 지원 보충제 nutrawise  트랜스 레스베라트롤 항산화 보호 강화 활성산소 중화 작용,brain-cognitive
California Gold Nutrition MEM Food  60팩 노루궁뎅이버섯  l 세린  블루베리  아세틸 l 카르니틴  강황  트랜스 레스베라트롤  소나무껍질추출물  PQQ가 함유된 MEM 혼합물 기억력 및 인지력 증진  채식주의자와 비건에게 적합 글루텐  유전자 변형 성분  대두 무함유 cGMP 인증 시설에서 생산 100  골드 개런티 Gold Guarantee ,brain-cognitive
더 많이  더 좋게  더 빠르게  185배 더 뛰어난 생체이용률  오래 가는 효과 유전자 변형 성분 무함유 글루텐  밀   유제품 무함유 보충제,brain-cognitive
레스베라트롤 및 보조 인자 보충제 기초 건강 건강한 노화,brain-cognitive
일상 면역기능 강화 회복 강화 균형 보충제 우수 제조 및 품질 관리 기준 GMP  인증,brain-cognitive
보충제 프랑스 해안송 껍질 추출물 건강한 노화 채식주의자 비건에게 적합 순도 및 효능 보장,brain-cognitive
30가지 이상의 과일 및 채소 유래 식물 영양소 손쉽게 만드는 주스 바이오플라보노이드  프테로스틸벤  카로티노이드  활성 효소 피토액티브 등 보충제 30회 제공량 100  비건 제품 글루텐 무함유 설탕 무함유,brain-cognitive
1정당 활성 S 아데노실 메티오닌 200mg GMP를 준수하여 제조 보충제 NutraLife SAMe  장용 코팅 정제는 다음 코셔 인증을 받았습니다  Star Kosher,brain-cognitive
하루 한 알 보충제 NSF Sport 인증 할랄 코셔,brain-cognitive
건강한 염증 반응   우수한 커큐민 흡수력 임상적으로 연구된 투르메론 Turmerones 을 함유한 커큐민 심황보다 최대 500 배 강한 효능  당신의 건강을 위한 제품 건강 보조 식품 유전자 변형 성분 없음 강력하고 증명된 효능 ,brain-cognitive
농장 직송 1975년 설립 40가지 이상의 슈퍼 과일  사탕무 및 베리류 강력한 폴리페놀 및 항산화제 유전자 변형 성분 무함유 글루텐 무함유 100  비건 제품 보충제 간편하게 마실 수 있는 제품,brain-cognitive
보충제 좋은 기분 증진  스트레스 완화  이완 촉진 임상에서 효과가 증명됨 채식주의자 비건에게 적합,brain-cognitive
무설탕 Suntheanine  진정 작용 보충제 글루텐 무함유 비건 채식주의자 비건에게 적합,brain-cognitive
슈퍼 푸드 고대 허브 슈퍼 푸드 비건 상품 글루텐 무함유 코셔 인증 USDA 유기농 인증 유전자 변형 성분 무함유 프로젝트 인증 CCOF 유기농 인증,brain-cognitive
심혈관계 건강 캡슐 1정당 50mg 보충제,brain-cognitive
California Gold Nutrition l 테아닌  100mg AlphaWave  l 테아닌 함유 긴장 완화  글루텐  유전자 변형 성분  대두 무함유 cGMP 인증 시설에서 생산 100  골드 개런티 Gold Guarantee ,brain-cognitive
신경계 건강 지원 정서 건강 지원 관절 건강 지원 장용 코팅 신제품 타원형 정제 장용 코팅 보충제 채식주의자 비건 제품 코셔 아미노산 1968년에 설립된 가족 기업 우수 제조 및 품질 관리 기준 GMP  품질 보증,brain-cognitive
USDA 유기농 인증 유전자 변형 성분 무함유 프로젝트 인증 OM 재배 버섯 혼합물   1회 제공량당 2 000mg 기억력  집중력  신경 건강 증진 보충제 글루텐 무함유 비건 제품 케토 친화 제품 Paleo 인증 여러분의 Microbiome을 위한 버섯 불필요한 성분을 전혀 넣지 않은 기능성 제품 필요한 모든 영양소 함유 중금속 검사 완료 투명성 ID 검사 완료 Organic Certifiers 유기농 인증 Earth Kosher 코셔 인증,brain-cognitive
1988년 설립 Uthever  영원한 젊음  세계 최고의 NMN 미분화 보충제,brain-cognitive
오리지널 포뮬라 보충제 인산화 세린 아답토젠 및 부신 기능 증진 채식주의자에게 적합,brain-cognitive
순수 분말 두뇌 및 신경세포 기능 지방산 운반 세포 에너지 강화 유전자 변형 성분 무함유 보충제 채식주의자 비건에게 적합 코셔 아미노산 1968년 설립된 가족 기업 우수 제조 및 품질 관리 기준 GMP  품질 보증,brain-cognitive
Science Based Nutrition  보충제 폴리페놀 함유 비건 유전자 변형 성분 무함유 글루텐 무함유 대두 무함유,brain-cognitive
뇌 기능 강화 캡슐당 100mg 보충제 식물성 Novusetin ,brain-cognitive
CCOF 유기농 인증 USDA 유기농 인증 1회 제공량당 1g 113회 제공량 보충제 Nutricost  품질 보장 식물성 상품 GMP 인증 시설 유전자 변형 성분 무함유 상품 제3기관 검사 완료,brain-cognitive
더블 스트렝스 Science Based Nutrition  정서 및 신경 기능에 도움 편안한 관절 운동에 도움 간 건강 및 해독에 도움 Vegetarian  보충제 유전자 변형 성분 무함유   글루텐 무함유   대두 무함유 디설페이트 토실레이트 함유,brain-cognitive
미국에서 재배한 유기농 버섯 균사체로 제조 유전자 변형 성분 무함유 프로젝트 인증 글루텐 무함유 건강 보조 식품 Washington State Department of Agriculture 인증 유기농 숲에서부터 농장을 거쳐 여러분의 식탁까지,brain-cognitive
커큐민 파이토솜 보충제 관절 강화 간 해독 소화기관 지원 대두 성분 무함유 글루텐 무함유 서방형 Thorne 독점 제품,brain-cognitive
일상 면역기능 강화 회복 강화 균형 보충제 우수 제조 및 품질 관리 기준 GMP  인증,brain-cognitive
건강한 인지 기능 지원 대두 무함유 Cogni PS  포스파티딜세린 Sharp PS  그린 보충제,brain-cognitive
트리플 액션 두뇌 건강 포뮬라 하루 한 알 기억력 증진에 도움 효능  주의력  정신력  집중력 보충제,brain-cognitive
심혈관계 지원 활성산소 제거제 레드 와인 추출물 함유 유전자 변형 성분 무함유 보충제 채식주의자 및 비건에 적합 일반 건강 1968년 설립된 가족 기업 우수 제조 및 품질 관리 기준 GMP  품질 보증,brain-cognitive
글루텐 무함유   유전자 변형 성분 없음 일일 섭취 스트레스 완화 에너지 영양 보충 건강 보조 식품 대두 성분 무함유 유제품 무함유 비건 Generation Rescue 권장 cGMP Certified 우수 제조 및 품질 관리 기준 인증  약용 버섯   미분화 클로렐라 함유 부신 기능 향상 유기농 허브 자연 의학 의사가 제조,brain-cognitive
1947년 설립 에너지 신진대사 신경계 면역력 지원 할랄 글루텐  밀 및 유제품 무함유 비건에게 적합한 제품 글루텐 무함유 인증 코셔 파르브 보충제,brain-cognitive
1988년 설립 보충제 의약품 등급 품질 검사 완료   제3 기관 순도 및 효능 인증 우수 제조 및 품질 관리 기준 GMP  인증 유전자 변형 성분 무함유,brain-cognitive
스트레스에 대한 건강한 반응 촉진 유전자 변형 성분 무함유 LE 인증 글루텐 무함유 보충제,brain-cognitive
항산화 성분을 통한 뇌 보호 보충제 비건에게 적합 베지 캡슐 채식주의자 비건에게 적합 NSF 유전자 변형 성분 무함유 인증,brain-cognitive
몸과 마음의 진정 효과 마그네슘  l 테아닌  레몬밤 보충제 기타 천연 향료 함유 B  corp  인증 인공 향료 및 색소 무함유 글루텐 무함유 NSF 인증,brain-cognitive
집중력 두뇌 기능 지원 세포 회복 보충제,brain-cognitive
스트레스 지원 체력 증진을 통한 원기 충전에 전통적으로 이용되던 성분 허브 보조 식품 비건 글루텐 무함유 대두 성분 무함유 B corp  인증,brain-cognitive
Serene Science 고요한 과학  마음 진정 건강 보조 식품,brain-cognitive
니코틴아마이드 리보사이드가 함유된 패션 베리 맛 콜라겐 보충제 건강한 노화 피부 모발 T 독점판매 상품 글루텐 무함유,brain-cognitive
다이메틸아미노에탄올 건강한 두뇌 기능 신경 전달 물질 생성 지원 유전자 변형 성분 무함유 보충제 채식주의자 비건 제품 일반 건강 1968년에 설립된 가족 기업 우수 제조 및 품질 관리 기준 GMP  품질 보증,brain-cognitive
보충제 가장 잘 흡수되는 형태의 커큐민  건강한 염증 반응 채식주의자 비건에게 적합 순도 및 효능 보장,brain-cognitive
마그네슘 보충제 기타 천연 향료 첨가 유전자 변형 성분 무함유 프로젝트 인증 비건 제품 글루텐 무함유,brain-cognitive
1 200mg 오메가3   400mg 최적화된 커큐민 건강한 염증 반응을 위한 l 글루타치온 함유 세포 보호 해독 작용 우수한 생체이용률 우수한 중성지방 제형 IGEN 유전자 변형 성분 무함유 검사 완료 순도   제3 기관 검사 완료 보충제 분자 증류 순도 보장,brain-cognitive
관절 운동성 및 지원 허브 보충제 USDA 유기농 인증 유전자 변형 성분 무함유 프로젝트 인증 B  corp  인증 코셔 할랄 Aditi Organic Certifications Pvt  Ltd  인증 유기농 비건 식물성 글루텐 무함유,brain-cognitive
피부 회복 100  비건   유전자 변경 성분 무함유   친환경 윤리   크루얼티프리 글루텐 무함유 대두 무함유,brain-cognitive
심혈관 질환 예방 레드 와인 추출물  녹차   포도씨 추가 유리기 제거제 유전자 변형 성분 없음 건강 보조 식품 채식주의   완전 채식  비건  일반 건강 가족 기업  1968 년부터  GMP 품질 보증,brain-cognitive
뇌 및 신경계 건강 증진 고효능 보충제 정신  신체  가정을 위한 전반적인 건강 증진 최고의 순도 및 효능 1969년부터 과학에 기반한 고품질 상품 제공,brain-cognitive
Science Based Nutrition  스트레스  긴장감을 진정시키고 완화 보충제 비건 유전자 변형 성분 무함유 글루텐 무함유 대두 무함유,brain-cognitive
관절 건강 및 가동성 캡슐당 720mg 허브 보충제 피부 건강  관절 건강  운동성 및 신체 기능 개선 항산화 효과 제공 Full Spectrum  천연 허브 뿌리줄기 포뮬라 1969년부터 과학에 기반한 고품질 상품 제공,brain-cognitive
복용컵 포함 Cellular Support Complex  Liposomal Delivery Technology  글루텐 무함유 유전자 변형 성분 무함유 설탕 무함유 보충제,brain-cognitive
보충제 정신적  육체적 스트레스 완화 및 숙면 지원 유전자 변형 성분 무함유 글루텐 무함유 채식주의자 비건에 적합 순도 및 효능 보장,brain-cognitive
천연 성분 고영양 보충제 유제품 무함유 유전자 변형 성분 무함유 글루텐 무함유 대두 무함유 비건 상품 CCOF 유기농 인증 USDA 유기농 인증 우수 제조 및 품질 관리 기준 GMP  인증 시설에서 생산,brain-cognitive
1969년 설립 고급 은행나무 추출물 인지 기능 지원  기억력  집중력  주의력 강화 1회 제공량당 60mg 보충제 비건,brain-cognitive
관절 건강 및 가동성 개선 HiActives  타트체리 함유 허브 보충제 VitaCherry  관절 건강  운동성 및 신체 기능 강화 활성산소를 중화하는 항산화제 공급 근골격계 건강 증진 1969년부터 과학에 기반한 고품질 상품 제공,brain-cognitive
엑스트라 스트렝스  기초 건강 지원 허브 보충제 B  corp  인증,brain-cognitive
아유르베다 허브 액상 추출물 유기농 강황 뿌리 유전자 변형 성분 무함유 프로젝트 인증 보충제 채식주의자 및 비건에 적합 USDA 유기농 인증 GMP 품질 보증 1968년 설립된 가족 기업 식물 허브 QAI 유기농 인증,brain-cognitive
뇌 건강 증진 유전자 변형 성분 무함유 프로젝트 인증 표준화 추출물 24  보충제 채식주의자 비건에게 적합 코셔 식물성 허브 1968년 설립된 가족 기업 GMP 인증,brain-cognitive
홀리 바질 스트레스 관리 스트레스 해소 및 피로 회복 홍경천  홀리 바질  아쉬와간다  귀리가 함유된 베스트셀링 포뮬러 허브 보조제 무결점   순도   효능 1987년 설립 비건 글루텐 없음 대두 성분 없음 사회적 기업 인증 1987년부터 시작된 식물과 사람의 연계,brain-cognitive
에너지를 되찾고 삶을 되찾으십시오  건강 보조 식품 스트레스 관련 피로감을 퇴치합니다,brain-cognitive
건강 보조 식품 수면 스트레스 글루텐 불포함,brain-cognitive
몸과 마음의 진정 효과 보충제 채식주의자에게 적합,brain-cognitive
피롤로퀴놀린 퀴논 미토콘드리아 생물 발생 촉진 심장 및 인지 기능 증진 보충제 BioPQQ ,brain-cognitive
Uthever  영원한 젊음  세계 최고의 NMN 미분화 보충제 의약품 등급 품질 검사 완료   제3 기관 인증 순도 및 효능 우수 제조 및 품질 관리 기준 GMP  인증 유전자 변형 성분 무함유,brain-cognitive
눈 및 시력 건강 플라보노이드의 허브 공급원 보충제 건강하고 튼튼한 망막 및 황반 촉진 건강한 시력 증진 눈의 피로 및 긴장 완화 1969년부터 과학에 기반한 고품질 상품 제공,brain-cognitive
레스베라트롤 보충제 1위 브랜드 4시간 동안 지속 방출 트랜스 레스베라트롤 1 000mg 강력한 면역 지원 및 세포 보호 효과 글루텐 무함유 비건에게 적합 보충제,brain-cognitive
1969년 설립 부신피질 및 부신 포함 부신 에너지 보충제 전 세계에서 고품질의 원료 조달 글루텐 무함유,brain-cognitive
활성산소 제거제 바이오플라보노이드 300mg 함유 건강한 혈관 기능 균형 잡힌 면역 반응 증진 Pycnogenol   Horphag Research 보충제 코셔 채식주의자 비건에게 적합 유전자 변형 성분 무함유 전반적인 건강 증진 1968년 설립된 가족 기업 우수 제조 및 품질 관리 기준 GMP  품질 보장,brain-cognitive
1회 제공량당 120mg 보충제 Nutricost  품질 보장 비건   동물성 성분 무함유 상품 GMP 인증 시설 유전자 변형 성분 무함유 상품 제3기관 검사 완료 글루텐 무함유,brain-cognitive
보충제 집중력 향상,brain-cognitive
Since 1988 Uthever  Youth Forever  To Be World s Best NMN 1250 mg Serving Dietary Supplement Manufactured   Lab Tested in the USA GMP Certified   Good Manufacturing Practices Heavy Metal Tested,brain-cognitive
의사가 설계한 포뮬라 프리바이오틱   프로바이오틱   포스트바이오틱 프로바이오틱 균주 14종 트리플 액션 포뮬라 아슈와간다 함유 유전자 변형 성분 무함유 프로젝트 인증 보충제 B  corp  인증 NSF 글루텐 무함유 인증 글루텐  유제품  대두 무함유 탄소 중립 상품,brain-cognitive
항산화 강화 캡슐당 60mg 허브 보충제 정신  신체  가정을 위한 전반적인 웰니스 증진 최고의 순도 및 효능 1969년부터 과학에 기반한 고품질 상품 제공,brain-cognitive
심혈관계 지원 활성산소 제거제 레드와인 추출물 함유 유전자 변형 성분 무함유 보충제 채식주의자 및 비건에 적합 전반적인 건강 지원 1968년 설립된 가족 기업 우수 제조 및 품질 관리 기준 GMP  품질 보증,brain-cognitive
뇌 및 신경계 건강 캡슐당 100mg 보충제 Sharp PS ,brain-cognitive
1967년 설립 주의력 개선에 도움 보충제 글루텐 무함유 대두 무함유 Mason 보증   품질 검사 완료 우수 제조 및 품질 관리 기준 GMP  인증,brain-cognitive
기타 천연 향료 함유 진정 및 주의력 유지 GABA  l 테아닌 및 레몬밤 보충제 합성 향료 및 색소 무함유 글루텐 무함유 NSF 인증 B  corp  인증,brain-cognitive
학습 능력 및 기억력 증진 보충제 채식주의자에게 적합,brain-cognitive
보충제 두뇌 신경 글루텐 무함유,brain-cognitive
심혈관계 건강 균형 잡힌 개선 허브 보충제 정신  신체  가정을 위한 전반적인 웰니스 증진 최고의 순도 및 효능 1969년부터 과학에 기반한 고품질 상품 제공,brain-cognitive
완전한 효능 포일 블리스터 팩 포장 천연 pH 민감성 식품 등급 EnteroGuard  코팅 S 아데노실 메티오닌 400 SAM e 토실레이트 이황산염에서 유래한 SAM e 200mg 순 수율  최고 농도의 활성 S S 형태 장용 코팅 정제 순 수율   SAM e 200mg 글루텐 무함유 비건 보충제,brain-cognitive
유기농 성분으로 제조 심혈관 기능 개선 소화기관 건강 강화 면역계 강화 보충제 유전자 변형 성분 무함유 글루텐 무함유,brain-cognitive
오리지널 CILTEP  포뮬라 두뇌 기능 강화 보충제 Certified Open Source    전 성분 표시 미국 우수 제조 및 품질 관리 기준 cGMP  인증 시설에서 생산,brain-cognitive
뇌 및 신경계 건강 소프트젤 1정당 100mg 보충제 Sharp PS  건강한 정신 기능에 도움 뇌의 세포 신호 및 무결성 유지에 도움 건강한 기억력 및 인지 기능 유지에 도움 1969년부터 과학에 기반한 고품질 상품 제공,brain-cognitive
울금  일상 생활에서 가끔 발생하는 염증을 줄입니다  허브 보조제 1987년부터 이어진 정직   순도   효능 비건 글루텐 무함유 대두 성분 무함유 B Corporation 인증 1987년부터 시작된 Connection Plants   People,brain-cognitive
최적의 미토콘드리아 생물 발생 및 기능 지원 보충제 유전자 변형 성분 무함유 LE 인증,brain-cognitive
기억력 개선 캡슐당 300mg 알파 글리세릴포스포릴콜린 보충제 노화에 따른 인지력 감소 예방 주의력  정신 집중력  기억력 및 인지 기능 촉진 1969년부터 과학에 기반한 고품질 상품 제공,brain-cognitive
긴장감 관리 이완 촉진 원활한 혈관 기능 이노시톨 및 타우린 함유 보충제 채식주의자 비건에 적합 코셔 아미노산 1968년 설립된 가족 소유 기업 우수 제조 및 품질 관리 기준 GMP  품질 보증,brain-cognitive
커큐민즙 복합체 신선한 강황즙으로 만든 제품 용매 무함유 40배 더 높은 생체이용률  유전자 변형 성분 무함유 보충제 채식주의자 비건 식물성 허브 1968년 설립된 가족 기업 우수 제조 및 품질 관리 기준 GMP  품질 보증,brain-cognitive
관절 건강 및 가동성 아유르베다 포뮬라 허브 보충제 관절 건강  운동성 및 신체 기능 강화 활성산소를 중화하는 항산화제 공급 1969년부터 과학에 기반한 고품질 상품 제공,brain-cognitive
부신의 재생과 스트레스 감소 지원 KSM 66 Ashwagandha  보충제,brain-cognitive
상온 보관 가능하며 열 안정성이 우수한 프로바이오틱   1회 제공량당 10억 마리 유익한 프로바이오틱 바실러스 코아귤런스로 강화 프리미엄 슈퍼 푸드 윤리적인 방식으로 원료 확보 따뜻한 물 또는 시원한 물만 넣으면 섭취 가능 간편하고 맛있는 아율베딕 골든 밀크 차나 커피의 훌륭한 대용품 유제품 무함유  코코넛 밀크 함유 강황   코코넛 사프란   생강   계피   프로바이오틱 천연 건조 유기농 강황 뿌리   CO2 초임계 강황의 이중 추출물 함유 EcoCert 인증 USDA 유기농 인증 코셔 LactoSpore EcoCert ICO 유기농 인증,brain-cognitive
아름다움 및 광채 개선 투명하고 건강하게 빛나는 윤기를 위한 항산화 증진 아름다운 노화를 위해 전통적으로 사용 허브 보충제 무결점   순도   효능 비건 상품 글루텐 무함유 대두 무함유 B  corp  인증 1987년부터 다양한 식물을 소비자에게 제공,brain-cognitive
글루텐 무함유 유전자 변형 성분 무함유 LE 인증 보충제 IR 속방형  및 ER 서방형  l 테아닌,brain-cognitive
1972년 설립 명료한 정신  집중력  기억력 증진 유기농 노루궁뎅이버섯으로 제조 풀 스펙트럼  검사 및 인증 완료  Holistically Balanced  Quick Sorb 으로 흡수력 강화 1회 제공량당 1 500mg 유전자 변형 성분 무함유 글루텐 무함유 비건 마그네슘스테아레이트 무함유 보충제 Holistically Balanced  크루얼티 프리   NO 동물실험 두뇌 건강 증진 면역계 건강 최적화  인지 기능 강화 Discover Nature s Answer and trust the Difference    ,brain-cognitive
보충제 유리 아미노산 두뇌 건강 보호 및 증진 순도 및 효능 보장 채식주의자 비건에게 적합,brain-cognitive
1947년 설립 호장근 항산화 보호 작용 유전자 변형 성분 없음 글루텐  밀  유제품 무첨가 채식주의자에게 적합한 제품 코셔 파르브 건강 보조 식품,brain-cognitive
영양보조식품,brain-cognitive
피롤로퀴놀린 퀴논 미토콘드리아 생물 발생 촉진 심장 및 인지 기능 증진 보충제,brain-cognitive
건강 보조 식품 근육   관절 보조 순도   효능 보장,brain-cognitive
향상된 인지력 촉진제 유전자 변형 성분 무함유 LE 인증 보충제,brain-cognitive
1971년 설립 Suntheanine 글루텐 무함유 긴장을 부드럽게 진정 스트레스 완화에 도움 비타민B 6 함유로 활용률 개선 보충제 코셔 파르브,brain-cognitive
영양 보조 식품,brain-cognitive
혁신적인 영양 뇌  간  그리고 세포막을 위해 건강 보조 식품,brain-cognitive
가성비 좋은 용량 1회 제공량당 2 000mg   OM 재배 버섯 혼합물  유전자 변형 성분 무함유 프로젝트 인증 60일분 기억력  집중력  신경계 건강 매일 복용하는 강화 성분 캡슐 보충제 글루텐 무함유 비건 케토 친화 상품 팔레오 친화 상품 Earth Kosher 코셔 인증 맑은 정신 집중력 및 주의력,brain-cognitive
인지 건강 표준화 허브 보충제 건강한 인지 기능 유지에 도움 뇌 및 신경계 건강에 도움이 될 수 있음 집중력 및 정신적인 명료함을 유지하는 데 전통적으로 사용됨 1969년부터 과학에 기반한 고품질 상품 제공,brain-cognitive
Science Based Nutrition  건강한 기분 증진 보충제 Vegan    유전자 변형 성분 무함유   글루텐 무함유,brain-cognitive
건강한 뇌 기능   면역 반응 지원 네 배 이상 강력한 효과 건강 보조 식품 본 제품에는 최소 20 의 베타  1 3   1 6  D 글루칸이 들어 있습니다  더 많은 영양  더 높은 흡수율  더 나은 삶  유전자 변형 성분 무함유 비건 글루텐 무함유 유기농 성분 100  순도   효능 보장,brain-cognitive
1회 제공량당 2 000mg   OM 재배 버섯 혼합 유전자 변형 성분 무함유 프로젝트 인증 30일분 기억력  집중력  신경계 건강 매일 복용하는 강화 성분 캡슐 보충제 글루텐 무함유 비건 상품 맑은 정신 집중력 및 주의력 Earth Kosher 코셔 인증 케토 친화 상품 팔레오 친화 상품 천연 식품 영양소 베타글루칸 및 프리바이오틱스 함유 중금속 검사 완료,brain-cognitive
1972년 설립 항산화 효능 건강한 심혈관 기능 지원 Discover Nature s Answer and Trust the Difference     Holistically Balanced  비건 제품 글루텐 무함유 보충제 크루얼티프리 No 동물 실험,brain-cognitive
글루텐 무함유 유전자 변형 성분 무함유 LE 인증 주의력 및 수명 증진 보충제,brain-cognitive
기억력 개선 뇌 건강을 위한 12가지 영양소 보충제 기억력 및 인지 기능 건강 유지에 도움 기분 조절에 도움 뇌 기능 건강에 도움 1969년부터 과학에 기반한 고품질 상품 제공,brain-cognitive
동종요법 알코올 27  함유,brain-cognitive
보충제 KION 관절 강화 근육 힘줄 강화 GI 지원 상처 부상 NSF Certified Sport 인증 글루텐 무함유,brain-cognitive
Sympli  Beautiful Serumdipity 에이지 리파이닝 Pycnogenol 페이셜 세럼 보호 및 예방 강력한 국소 항산화제 피부 건강 증진 콜라겐 및 엘라스틴의 결합과 보호 자외선 손상 및 광노화 예방에 도움 여드름 제어 요법과 함께하는 시너지 효과 빠른 흡수 pH 균형 모든 피부 타입에 적합  크루얼티 프리,brain-cognitive
보충제 가장 잘 흡수되는 형태의 커큐민  건강한 염증 반응 채식주의자 비건에게 적합 순도 및 효능 보장,brain-cognitive
임상 연구를 거친 제품 불안   스트레스 완화 당신의 신경을 안정시키세요  신속한 효능 안전하고 효과적 건강을 위한 제품 건강 보조 식품 유전자변형성분 없음,brain-cognitive
인지 기능 지원 활성산소 제거제 미토콘드리아 기능 지원 코셔 보충제 채식주의자 비건에게 적합 유전자 변형 성분 무함유 일반 건강 1968년 설립된 가족 소유 기업 GMP 품질 보증,brain-cognitive
유기농 노루궁뎅이버섯으로 제조 1회 제공량당 2 100mg CCOF 유기농 인증 보충제 Nutricost  품질 보장 식물성 상품 GMP 인증 시설 유전자 변형 성분 무함유 상품 제3기관 검사 완료 글루텐 무함유,brain-cognitive
강력한 아답토젠 포뮬라 유전자 변형 성분 무함유 상품 보충제 GMP 인증 시설에서 제조 엑스퍼트 블렌드,brain-cognitive
스트레스 지원 휴식 중 부신에 영양 공급 사회적 기업 인증,brain-cognitive
심장과 건강한 노화를 위해 총 40 mg 레스베라트를 건강 보조 식품,brain-cognitive
영구치 NR   TMG   프테로스틸벤 포스포리피드복합체 생체 이용 가능 보충제 니코틴아마이드리보사이드 무수베타인 트랜스 프테로스틸벤 필수 포스포리피드 2개월분 비건 유전자 변형 성분 무함유 대두 무함유 유제품 무함유 글루텐 무함유 cGMP 인증 시설에서 제조 Feel Different,brain-cognitive
나이아신아마이드 리보사이드 함유 콜라겐 보충제 건강한 노화 관절 강화 운동 능력 강화 글루텐 무함유,brain-cognitive
보충제 흡수율이 높은 커큐민 흰버드나무   악마의 발톱 포함 건강한 관절 기능 가장 잘 흡수되는 형태의 커큐민 채식주의자 비건에게 적합 순도   효능 보장,brain-cognitive
통증 완화 포뮬라 1위 수상 임상적으로 연구된 커큐민 및 강황 복합체 안전하고 효과적이며 중독성 없이 통증 완화  여러분의 건강을 위하여   Terry 보충제 코셔 인증 할랄 비건 상품 유전자 변형 성분 무함유 순도   품질 검사 완료,brain-cognitive
건강 보조 식품,brain-cognitive
공정 무역 밀크 초콜릿으로 제조 의사가 설립한 기업 카모마일꽃 함유 시간이 지날수록 더 맛있는 제품 보충제 IGEN   유전자 변형 성분 무함유 검사 완료,brain-cognitive
사람과 지구를 돕는 상품 유기농 버섯 및 허브로 제조 미국 워싱턴주 농림부 유기농 인증 업체에서 생산 주의력 향상 글루텐 무함유 유전자 변형 성분 무함유 프로젝트 인증 보충제,brain-cognitive
허브 보충제 1994년 설립 정서 안정 및 긴장 완화 유기농 허브로 제조 유전자 변형 성분 무함유 인증  글루텐 무함유 Oregon Tilth 유기농 인증,brain-cognitive
신체적  정신적 건강을 위한 28가지 강력한 성분 보충제 기초 건강 스트레스 에너지 건강한 노화 면역력 강화 T 독점판매 상품 글루텐 무함유,brain-cognitive
두뇌 및 정서 건강 캡슐당 100mg 보충제 식물성 Suntheanine  정신 건강 및 정서적 웰빙의 균형 유지 차분함 및 주의력 유지 1969년부터 과학에 기반한 고품질 상품 제공,brain-cognitive
다음을 위한 아침 지원  정신력 보충제 제3 기관 품질 검사 완료 Certified Open Source    모든 성분 라벨 표시 미국 cGMP 인증 시설에서 제조 ,brain-cognitive
USDA 유기농 유전자 변형 성분 미함유 프로젝트 인증 5 배 강도 발효 강황 및 생강 유기농 후추 및 소화를 돕는 프로바이오틱스 허브 보조제 코셔 QCS 인증 유기농 사회적 기업 인증 비건 인증 글루텐 미함유 NSF 인증,brain-cognitive
총 레스베라트롤 200mg 트랜스 프테로스틸벤 다이메틸레스베라트롤  함유 심혈관 기능 및 건강한 항산화제 상태 지원 Silbinol 비건 보충제 채식주의자 비건에 적합,brain-cognitive
신경계 지원 안정화된 SAMe  캡슐 형태 장용제 필요 없음 관절 건강 지원 유전자 변형 성분 없음 건강 보조 식품 채식주의자 비건에게 적합 아미노산 1968년부터 가족 소유 기업 GMP 품질 보증,brain-cognitive
1973년 설립 기업 필수 추출물 커큐민 95  심혈관계 건강 관절 건강 보충제 유전자 변형 성분 무함유 프로젝트 인증 품질 검사 완료 비건 건강한 삶 지원,brain-cognitive
심혈관계 건강 보충제 항산화 보호 작용 강화 세포 수명 연장 심혈관계 건강 증진 1969년부터 과학에 기반한 고품질 상품 제공,brain-cognitive
심혈관계 건강 최고 품질의 천연 성분 180mg 허브 보충제 1969년부터 과학에 기반한 고품질 상품 제공 항산화 보호 작용 강화 세포 수명 연장 심혈관 및 전반적인 건강 증진,brain-cognitive
보충제 스트레스 완화 L 테아닌 정신 안정   이완 작용 순도   효능 보장,brain-cognitive
USDA 유기농 유전자 변형 성분 미함유 프로젝트 인증 일상의 스트레스를 건강하게 푸는 법 유기농 B 복합체 혼합물 편안한 소화를 위한 프로바이오틱스 2 달분 허브 보조제 코셔 QCS 인증 유기농 사회적 기업 인증 비건 인증 글루텐 미함유 NSF 인증 생산 유통 이력제  검증 완료  믿을 수 있습니다  제 3 자에 의한 감사  유기농 인증 및 유전자 변형 성분 미함유 인증 전문적 배합,brain-cognitive
보충제 PQQ 20mg 코엔자임Q10 200mg 미토콘드리아 기능 지원 신경 지원 작용,brain-cognitive
1988년 설립 Uthever  영원한 젊음  세계 최고의 NMN 흡수력 강화 1회 제공량 300mg 보충제 의약품 등급 우수 제조 및 품질 관리 기준 GMP  인증,brain-cognitive
글루텐 무함유 하루 1정 유전자 변형 성분 무함유 LE 인증 건강한 정맥 혈류 촉진 보충제,brain-cognitive
집중력  면역력  기억력 향상 BioPerine 으로 흡수율 증가 보충제 30일분 유전자 변형 성분 무함유 비건 친화적 제품 글루텐 무함유,brain-cognitive
커피 열매 추출물 및 나이아신아마이드 리보오스 보충제 건강한 노화 두뇌 신경 글루텐 무함유 Thorne 독점판매 상품,brain-cognitive
Host Defense  Mushrooms  슈퍼 푸드 버섯 균사체 글루텐 무함유 및 비건 상품 보충제 USDA 유기농 인증 미국 워싱턴주 농림부 유기농 인증 꿀벌 친화적 상품 유전자 변형 성분 무함유 폴 스테이메츠  Fungi Perfecti  LLC 친환경 포장,brain-cognitive
높은 효능의 B 복합체 삼키기 쉬운 캡슐 건강 보조 식품 비건 코셔 파르브 글루텐 없음,brain-cognitive
1969년 설립 고급 은행나무 추출물 인지 기능 지원  기억력  집중력  주의력 1회 제공량당 120mg 보충제 비건 글로벌 소싱 품질,brain-cognitive
1971년 설립 다이메틸아미노에탄올바이타트레이트 PAK 및 판토텐산 함유 글루텐 무함유 인증 DMAE 분야의 리더 아세틸콜린의 전구체 보충제 B  corp  인증 코셔,brain-cognitive
1971년 설립 트리플 액션 글루텐 무함유 인증 보충제 B corp  인증 제3자 기관 순도 검사 완료 Sharp PS Gold,brain-cognitive
CCOF 유기농 인증 USDA 유기농 인증 Nutricost 품질 보증 비건   동물성 성분 무함유 상품 신선도 유지를 위한 동결 건조 GMP 인증 시설 제3기관 검사 완료,brain-cognitive
흡수력 강화 보충제 생체 이용 가능한 NAD  트라이메틸글라이신 필수 포스포리피드 비건 유전자 변형 성분 무함유 대두 무함유 유제품 무함유 글루텐 무함유 cGMP 인증 시설에서 제조 Feel Different,brain-cognitive
펀더멘탈 포뮬라 빠르게 작용하는 강력한 포뮬라 보충제,brain-cognitive
California Gold Nutrition을 위해 독점적으로 제조되며 미국 시장에서 유일하게 판매되는 부탄디설포네이트 형태의 SAMe California Gold Nutrition SAMe  400mg 아데메티오닌 1 4 부탄디설포네이트에서 추출한 S 아데노실 메티오닌 장용성 정제 관절  간  정서 건강 증진  채식주의자에게 적합 글루텐  유전자 변형 성분  대두 무함유 cGMP 인증 시설에서 생산 100  골드 개런티 Gold Guarantee ,brain-cognitive
슈퍼 푸드 맛있는 허브 슈퍼 푸드 혼합물 비건 글루텐 무함유 코셔 인증 USDA 인증 유기농 유전자 변형 성분 무함유 프로젝트 인증 CCOF 유기농 인증,brain-cognitive
1969년 설립 프리미엄 혼합물 시너지 효과를 발휘하는 활성산소 억제제 4종 혼합물 보충제 비건,brain-cognitive
혈관 건강 도움 보충제,brain-cognitive
1930년 설립 글루텐 무함유 Happiness Through Wellness 유전자 변형 성분 무함유 프로젝트 인증 허브 보충제 1개월분 우수 제조 및 품질 관리 기준 cGMP  비건에게 적합 밀 무함유 옥수수 무함유 대두 무함유 유제품 무함유 동물성성분 무함유 85년 넘게 이어온 가족 기업,brain-cognitive
전체 몸 항산화제 허브 보조식품 침술사이자 한의학자인 마이클 티에라씨에 의해 승인됨,brain-cognitive
크리스토퍼 박사의 오리지널 포뮬러 명료한 정서 추출물 Kid E Trac  훌륭한 맛과 명료한 정서를 주는 포뮬러,brain-cognitive
스트레스 관리 오랫동안 인정받은 방식으로 건강하게 스트레스를 해소하도록 보조 홍경천  홀리 바질  아슈와간다 함유 허브 보조제 1987년 미국 설립 무결점   순도   효능 식물성 글루텐 없음 대두 성분 없음 Certified B Corporation 1987년 설립 이후부터 사람과 식물을 연결,brain-cognitive
피부 회복 100  비건 유전자 변형 성분 무함유 크루얼티프리 환경 윤리적 제품 글루텐 무함유 대두 무함유,brain-cognitive
보충제 흡수율이 높은 커큐민 건강한 장 내벽 형성 및 근육 회복 증진 채식주의자 및 비건에 적합,brain-cognitive
강황 뿌리추출물 허브 보충제 표준화 추출물 커큐미노이드 95  용해도 향상을 위한 소프트젤 보충제 식물성 허브 1968년에 설립된 가족 기업 GMP 품질 보증,brain-cognitive
관절   심장 건강   세포 방어 강화 1 500mg 높은 흡수율 제3기관이 인증한 순도 및 효능 USDA 유기농 인증 1회 제공량당 3정 보충제 QAI 유기농 인증 글루텐 무함유 유제품 무함유 유전자 변형 성분 무함유 스페셜 포뮬라 우수 제조 및 품질 관리 기준 GMP  인증 시설에서 제조 A Wealth Of Wellness ,brain-cognitive
뇌 건강 증진 유전자 변형 성분 무함유 프로젝트 인증 표준화 추출물 24  보충제 채식주의자 비건에게 적합 코셔 식물성 허브 1968년 설립된 가족 기업 GMP 인증,brain-cognitive
마그네슘 보충제 유전자 변형 성분 무함유 프로젝트 인증 글루텐 무함유,brain-cognitive
미토콘드리아 기능 최적화를 위한 영양소 화합물 세포 에너지 생성 아데노신 3인산 에 도움 피로 감소에 도움 보충제 채식주의자에게 적합,brain-cognitive
동종 요법 알코올 20  액상 드롭형,brain-cognitive
건강한 염증 반응  흡수율이 뛰어난 커큐민 임상적으로 연구된 커큐민 및 강황 복합체 강황에 비해 최대 500배 강도  여러분의 건강을 위하여   Terry 건강 보조 식품 할랄 유전자 변형 성분 없음 입증된 강력한 효과,brain-cognitive
노화 경로를 대상으로 작용 LifeExtension에서 과학적으로 제조  보충제 유전자 변형 성분 무함유 LE 인증 Insilico 의약품,brain-cognitive
100  비건 제품 유전자 변형 성분 없음 환경윤리적 동물 실험을 하지 않음 글루텐 없음  콩 성분 없음 ,brain-cognitive
임상 검증된 천연 성분  두뇌 기능을 나타내는 6가지 지표 강화   비타민B6  B12   엽산 주의력 기억력 학습력 정확성 집중력 사고력 하루 캡슐 1정 보충제 건강   위생   가정 두뇌가 이길 때 성공할 수 있음,brain-cognitive
전신 1회 제공량당 커큐미노이드 475mg 건강한 염증 반응 지원 Bioperine    비타민C 함유 유전자 변형 성분 무함유 프로젝트 인증 보충제 비건 인증 NSF 글루텐 무함유 인증 유제품 무함유 대두 무함유 125종 이상의 살충제 및 제초제 성분 검사 완료 코셔 글리포세이트 잔여물 무함유 B  corp  인증,brain-cognitive
부신 지원 건강 보조 식품 글루텐 불포함 에너지 스트레스,brain-cognitive
무가공 천연 식품 보조제 유기농 재배 과일   채소 24종 살아 있는 프로바이오틱스   효소 결합제  충전재 또는 운반체 없음 코셔 유전자 변형 성분 무함유 프로젝트 인증 글루텐 무함유 Raw  비건 인증 350mg RAW 발효 레스베라트롤 적포도주 200병에 해당하는 트랜스 레스베라트롤 심장 건강   건강한 노화 60일치 복용량 천연 건강 보조제,brain-cognitive
Dietary Supplement Nutricost  Quality Guaranteed Vegan   Animal Free Product GMP Compliant Facility Non GMO Product Third Party Tested Gluten Free,brain-cognitive
명료한 정신 USDA 유기농 허브 보조제 글루텐 무함유 유기 인증 기관의 유기농 인증,brain-cognitive
건강한 염증 반응  흡수율이 뛰어난 커큐민 임상적으로 연구된 커큐민 및 강황 복합체 강황에 비해 최대 500배 강도  건강에 좋은 제품 보충제 유전자 변형 성분 무함유 할랄 강력한 효과 입증 ,brain-cognitive
깨끗하게 제조된 실제 치료법 동종요법 졸음을 유발하지 않음 습관성 복용을 야기하지 않음 불안 및 과민반응 피로 불면 알레르기 유발 성분  염료 또는 파라벤 무함유 USDA 유기농 인증 유전자 변형 성분 무함유 프로젝트 인증 B  corp  인증 글루텐 무함유 인증 비건 인증 SCS Global Services 유기농 인증,brain-cognitive
마그네슘 보충제 기타 천연 향미료 첨가 유전자 변형 성분 무함유 프로젝트 인증 글루텐 무함유,brain-cognitive
1회 제공량당 450mg   비타민C Liposomal Delivery Technology  글루텐 무함유 유전자 변형 성분 무함유 설탕 무함유 보충제 복용컵 포함,brain-cognitive
Good Day Chocolate 의사가 설립한 기업 공정 무역 밀크 초콜릿으로 제조 보충제 이완에 도움 IGEN   유전자 변형 성분 무함유 검사 완료,brain-cognitive
1947년 설립 정서 안정에 도움 유전자 변형 성분 무함유 글루텐  밀 및 유제품 무함유 보충제,brain-cognitive
뇌 및 신경계 건강 캡슐당 100mg 보충제 Sharp PS  골드,brain-cognitive
세포 에너지 생성 아데노신 3인산 에 도움 피로 회복에 도움 보충제 채식주의자에게 적합,brain-cognitive
Dietary Supplement 1000MG Lion s Mane Mushroom Extract Powder Memory and Nerve Support Vegan Non GMO,brain-cognitive
긴장감 관리 휴식 지원 건강한 혈관 기능 유전자 변형 성분 무함유 보충제 채식주의자 및 비건에 적합 아미노산 1968년 설립 가족 소유 기업 우수 제조 및 품질 관리 기준 GMP  품질 보증,brain-cognitive
보충제 건강한 두뇌   소화 지원 채식주의자에게 적합,brain-cognitive
Amazing Formulas  보충제 강력한 항산화제 및 항염증 효과 심장  소화기  관절 건강 강화 영양소 흡수를 촉진하는 BioPerine  1회 제공량당 1 500mg 우수 제조 및 품질 관리 기준 GMP 을 준수하는 고품질 상품 미국 식품의약국 FDA  등록 시설에서 제조,brain-cognitive
Soil Association 유기농 인증 식품 보충제 GB ORG 05 EU 비EU 농업 GMP 표준을 준수하여 영국에서 제조,brain-cognitive
두뇌 및 인지 기능 강화 전통적으로 건강한 순환 및 두뇌 기능을 위해 사용됨 전반적인 인지 건강 유지에 효과적 허브 보충제 비건 글루텐 무함유 대두 무함유 B  corp  인증 무결점   순도   효능 1987년부터 시작된 Connecting Plants   People ,brain-cognitive
비타민 1회 제공량당 1 600mg 첨단 기술 글루텐 무함유 유전자 변형 성분 무함유 허브 보충제 전통적인 허브 지원,brain-cognitive
노화 방지 포뮬라 주름 개선 비타민A 및 항산화 성분 혼합물 유전자 변형 성분 무함유 크루얼티 프리 100  비건 상품 글루텐 무함유 대두 무함유,brain-cognitive
보충제 가장 잘 흡수되는 형태의 커큐민  건강한 염증 반응 순도 및 효능 보장 채식주의자 비건에게 적합,brain-cognitive
보충제 세포 활력에 도움 채식주의자에게 적합,brain-cognitive
활성산소 제거제 바이오플라보노이드 300mg 함유 건강한 혈관 기능 균형 잡힌 면역 반응 증진 코셔 인증 Pycnogenol Horphag Research 보충제 채식주의자 비건에게 적합 유전자 변형 성분 무함유 전반적인 건강 증진 1968년 설립된 가족 기업 우수 제조 및 품질 관리 기준 GMP  품질 보증,brain-cognitive
B 복합체  비타민C 및 허브 스트레스 완화 보충제 채식주의자에게 적합 글루텐 무함유 마이크로젤 서방형 시스템,brain-cognitive
관절 건강 및 가동성 캡슐당 750mg 내산성 캡슐 허브 보충제 식물성 EMBO Caps  정신  신체  가정을 위한 전반적인 웰니스 증진 최고의 순도 및 효능 1969년부터 과학에 기반한 고품질 상품 제공,brain-cognitive
임상 시험을 완료한 추출물이 함유된 관절 건강 혼합물 보충제 유전자 변형 성분 무함유 LE 인증,brain-cognitive
유전자 변형 성분 없음 글루텐 불포함 1930 년 설립 관절 지원을 위한 제품 허브 보조제 베지 캡슐 85 년 이상 가족 소유 기업 cGMP 비건 친화적 제품 소맥 없음 옥수수 불포함 대두 성분 없음 유제품 없음 동물 유래 성분 없음 전면에 있는 허브가 특징입니다  심황  리좀 및 지상부  2 개월 분량,brain-cognitive
1947년 설립 레드 와인 추출물 함유 항산화 보호 작용 글루텐  밀 성분  유제품 모두 없음 유전자 변형 성분 없음 건강 보조 식품,brain-cognitive
BioPerine 으로 더욱 강력해진 효과 보충제 품질 검사 완료 GMP   우수 제조 및 품질 관리 기준에 따른 일관된 품질 비건 상품 Greatness by Nature  이열치열 관절 운동을 편안하게 하는 효과 BioPerine  흑후추 추출물로 생체이용률 향상,brain-cognitive
보충제 식물성 정신  신체  가정을 위한 전반적인 웰니스 증진 최고의 순도 및 효능 1969년부터 과학에 기반한 고품질 상품 제공,brain-cognitive
스트레스 완화 및 정서 안정에 도움 아답토젠 허브 함유 보충제 건강한 에너지 수준을 유지하는 신체 능력 개선 부신 건강 증진 육체적 및 정신적 스트레스에 대한 건강한 반응을 돕는 아답토젠 허브 1969년부터 과학에 기반한 고품질 상품 제공 식물성,brain-cognitive
600 mg Alpha GPC 50  Per Serving Dietary Supplement Nutricost  Quality Guaranteed Vegetarian Product GMP Compliant Facility Non GMO Product Third Party Tested Gluten Free,brain-cognitive
데일리 글루텐 및 유전자 변형 성분 무함유 약용 버섯 및 미분화 클로렐라 함유 디톡스 재충전 일일 건강 보조 식품 청소년 및 성인 대두 무함유 유제품 무함유 채식주의자에게 적합 cGMP Certified 우수 제조 및 품질 관리 기준 인증  자연 요법 의사 제조,brain-cognitive
건강 보조 식품,brain-cognitive
프랑스 해송 껍질추출물 프리미엄 순환 증진 복합체 함유 항산화제 및 면역력 강화 순환 및 관절 건강 개선 보충제 순환계 강화 흡수력을 높이는 흑후추 성분 함유 혈행을 개선하는 Pycnogenol GMP 인증 품질 품질 검사 및 인증 완료 유전자 변형 성분 무함유 비건 상품 정성을 담은 상품,brain-cognitive
보충제 Di Tao 정식 공급원 인증,brain-cognitive
신경 건강 지원 식이보충제,brain-cognitive
첨단 체내 노화 과학 NAD  증가 보충제 NSF Sport 인증 할랄 코셔,brain-cognitive
1971년 설립 글루텐 무함유 인증 심혈관계 건강 지원 건강한 노화 과정 지원 소나무 껍질 및 포도씨추출물 함유 NSF 유전자 변형 성분 무함유 인증 폴리페놀류 1 5배 증강  보충제 B  corp  인증,brain-cognitive
보충제 피롤로퀴놀린 퀴논 건강한 노화를 위한 새로운 미토콘드리아 생성 촉진 채식주의자 비건에게 적합 순도 및 효능 보장,brain-cognitive
건강 보조 식품 인지 건강 두뇌 기능 근육 증강 글루텐 무함유 인공 보존제 무함유 효능 및 품질 보증 FDA 허가를 받은 시설에서 제조,brain-cognitive
보충제 부신 포뮬라 유전자 변형 성분 무함유 글루텐 무함유 채식주의자 비건에게 적합 순도 및 효능 보장,brain-cognitive
레스베라트롤   퀘르세틴 메틸화 정상화 요소 흡수력 강화 보충제 생체 이용 가능한 NAD  메틸화 정상화 요소 필수 포스포리피드 비건 유전자 변형 성분 무함유 대두 무함유 유제품 무함유 글루텐 무함유 cGMP 인증 시설에서 제조 Feel Different,brain-cognitive
프리바이오틱 섬유소 혼합물 함유 강화된 장 뇌 건강 영양소 천연 식품 보충제 우수 제조 및 품질 관리 기준   cGMP 인증 유전자 변형 성분 무함유 성분으로 제조 품질 검사 완료,brain-cognitive
관절 건강 및 가동성 Meriva  함유 허브 보충제 관절 건강  운동성 및 신체 기능 강화 활성산소를 중화하는 항산화제 공급 위장관 건강 증진 1969년부터 과학에 기반한 고품질 상품 제공,brain-cognitive
1 000 mg Per Serving  Dietary Supplement  Nutricost  Quality Guaranteed Third Party Tested GMP Compliant Facility  Non GMO Product  Gluten Free,brain-cognitive
맑은 정신 증진 허브 보조제 USDA 유기농 유전자 변형 성분 미함유 프로젝트 인증 B Corporation 인증 코셔 할랄 Aditi Organic Certifications Pvt  Ltd  인증 유기농 식물성 식물성 글루텐 없음,brain-cognitive
200 mg Per Serving Dietary Supplement Nutricost  Quality Guaranteed Vegetarian Product GMP Compliant Facility Non GMO Product Third Party Tested Gluten Free,brain-cognitive
1971년 설립 1회 제공량당 EPA 에이코사펜타엔산  1 000mg 글루텐 무함유 인증 제3기관 검사 완료   분자 증류를 이용하여 가공 보충제 B  corp  인증 비린내 없음,brain-cognitive
PhytO X 시스템 1947년 설립 표준화  울금  허브 보조제 글루텐  밀 및 유제품 미함유 비건에게 적합 유전자 변형 성분 없음 K 파르브,brain-cognitive
보충제 허브 인자 우수한 생체이용률 순도 및 효능 보장,brain-cognitive
주요 알레르기 유발 성분 8종 무함유   알레르기 유발 성분 무함유 보증 유전자 변형 성분 무함유 코셔 파르브 1회 제공량당 포스파티딜세린 PS  100mg 기타 천연향미료를 첨가한 천연 맛 보충제 비건 인증 cGMP 인증 시설   현재 우수 제조 및 품질 관리 기준,brain-cognitive
신경계 건강 지원 안정화된 SAMe  캡슐 제형 장용성 코팅 불필요 관절 건강 지원 유전자 변형 성분 없음 건강 보조 식품 채식주의자 비건에 적합 아미노산 1968 년 설립된 가족 기업 GMP 품질 보증,brain-cognitive
기민성  맑은 정신  주의력 두뇌 강화 보충제 채식주의자에게 적합 우수 제조 및 품질 관리 기준 GMP  인증,brain-cognitive
1971년 설립 심혈관계 건강 지원 건강하고 활력있는 노화 지원 소나무 껍질 및 포도씨추출물 함유 폴리페놀류 1 5배 증강 신제품  보충제 B  corp  인증,brain-cognitive
나이들지 않는 자산 허브 보충제,brain-cognitive
두뇌 건강 구미젤리 탁월한 맛 기타 천연 향료 자연 첨가 유전자 변형 성분 무함유 비건 글루텐 무함유 젤라틴 무함유 기억력  집중력 및 정서 건강 증진 보충제,brain-cognitive
기억력 강화 글루텐 무함유 유전자 변형 성분 무함유 LE 인증 보충제,brain-cognitive
흡수에 최적화 USDA 유기농 인증 천연 식품 보충제 CCOF 유기농 인증,brain-cognitive
항산화 효과 3 in 1 허브 보충제 허브 보충제 전반적인 체내 웰니스를 위한 3 in 1 강장제 아율베딕 최고의 위장 및 관절 건강을 위한 생강 및 강황 1969년부터 과학에 기반한 고품질 상품 제공,brain-cognitive
윤리적인 방식으로 원료를 확보하는 고품질 식품 물  코코넛워터  스무디에 넣어서 섭취 드레싱  수프  볶음요리 및 모든 기타 요리에 활용 전통적인 아율베딕 항염 효과 슈퍼 허브 가장 중요한 천연 항산화제가 풍부하게 함유된 향신료 지속가능한 방식으로 생산 및 재배 영양소가 풍부한 강황 분말을 더해 더욱 든든하게 즐기는 스무디 증량제  향료  첨가제  보존제 무첨가 강력한 식품   좋은 음식   좋은 생활   활기찬 일상 보충제 USDA 유기농 인증 코셔 비건 상품 무가공 유기농 인증 기관  Ecocert ICO,brain-cognitive
신경계 지원 인지 기능 강화 보충제,brain-cognitive
Health  Nature  Life  무중독성 제품 진정과 편안함  영양 공급 포뮬러 아답토젠 아슈와간다 첨가 건강 보조 식품 건강한 생활을 위해 ,brain-cognitive
발레리안  스트레스 관리 나이트 리스토어 일반적으로 휴식 중 부신에 영양을 공급 아슈와간다  후박  동충하초  Gaia Grown   레몬밤으로 제조 허브 보조제 비건 글루텐 무함유 대두 성분 무함유 B Corporation 인증 1987년부터 시작된 Connecting Plants   People,brain-cognitive
재생 농법으로 경작한 강황으로 제조  유전자 변형 성분 무함유 프로젝트 인증 NSF 글루텐 무함유 인증 B  corp  인증 보충제 100  식물성 효능이 우수한 순수 추출물 버몬트에서 감사의 마음을 담아,brain-cognitive
보충제 기억력 및 인지력 지원 Sharp PS ,brain-cognitive
보충제 근육   관절 보조 순도 및 효능 보장,brain-cognitive
1971년 설립 글루텐 무함유 인증 심혈관계 건강 지원 항산화제 OPC 함유 유전자 변형 성분 무함유   NSF 인증 보충제 B  corp  인증 Pycnogenol  자연의 슈퍼 항산화제 코셔 파르브,brain-cognitive
1회 제공량당 커큐미노이드 475mg 건강한 염증 반응 지원 BioPerine   비타민C 함유 유전자 변형 성분 무함유 프로젝트 인증 보충제 비건 인증 NSF 글루텐 무함유 인증 유제품 무함유 대두 무함유 125종 이상의 살충제 및 제초제 성분 검사 완료 코셔 글리포세이트 잔여물 무함유 B  corp  인증,brain-cognitive
관절 건강 및 가동성 2 In 1 포뮬라 허브 보충제 관절 건강  운동성 및 신체 기능 개선 활성산소를 중화하는 항산화 작용 1969년부터 과학에 기반한 고품질 상품 제공,brain-cognitive
두뇌 및 정서 건강 캡슐당 200mg 보충제 식물성 Suntheanine  정신 건강 및 정서적 웰빙의 균형 유지 주의력을 유지하면서 차분함 유지 1969년부터 과학에 기반한 고품질 상품 제공,brain-cognitive
비타민 흑후추추출물 글루텐 무함유 유전자 변형 성분 무함유 보충제 식물성 포뮬라 일반 웰니스,brain-cognitive
1969년 설립 프리미엄 블랜드 건강한 순환 기능 증진 보충제 글루텐 무함유 해양 소나무 껍질 연구 비건 우수한 글로벌 원료   미국에서 포장 및 검사 완료,brain-cognitive
두뇌 건강 지원 기억력 유지에 도움 예리한 주의력 향상에 도움 건강 보조 식품,brain-cognitive
BioPerine  함유 프리미엄 포뮬라 상품 GMP   우수 제조 및 관리 기준 보충제,brain-cognitive
완전한 효능 포일 블리스터 팩 포장 천연 pH 민감한 피부용 식품 품질 EnteroGuard  코팅 S 아데노실 메티오닌 800 SAM e 토실레이트 이황산염 추출 SAM e 400mg 순 함유량  액티브 S S 유형의 최고 농축 장용성 코팅 태블릿 순수율  400 Mg SAM e 글루텐 없음 비건 건강 보조 식품,brain-cognitive
보충제,brain-cognitive
건강 기능 회복 내분비계 허브 보조제 글루텐 무함유,brain-cognitive
보충제 프랑스 해송 껍질추출물 건강한 노화 채식주의자 비건에게 적합 순도 및 효능 보장,brain-cognitive
흡수력 강화 생체 이용 가능 보충제 3개월분 유전자 변형 성분 무함유 대두 무함유 유제품 무함유 글루텐 무함유 cGMP 인증 시설에서 제조,brain-cognitive
심혈관계 건강 증진 캡슐당 500mg 보충제 항산화 보호 작용 강화 세포 수명 연장 심혈관계 건강 증진 1969년부터 과학에 기반한 고품질 상품 제공,brain-cognitive
낮과 밤에 정서 안정을 지원하는 제품 보충제 저자극성,brain-cognitive
1 000 mg  건강 보조 식품 커큐민 C3 컴플렉스 함유 강력한 항산화 특성 건강한 염증 반응,brain-cognitive
DHA 1 000mg   루테인 20mg 순도 보증   신선도 및 효능 보충제 뇌 기능 지원 인지 기능 촉진 명료한 정신 Lutemax 2020 루테인 및 제아잔틴 FDA 등록 시설 글루텐 무함유 인공 보존제 무함유,brain-cognitive
1 000mg 오메가3   400mg 최적화된 커큐민 기억력 및 인지 건강을 위한 포스파티딜콜린과 후퍼진 A 명료한 인지 기능 기억력 신경학적 건강 우수한 중성지방 제형 유전자 변형 성분 무함유 인증 순도   제 3기관 검사 완료 보충제 분자 증류 순도 보장 노르웨이에서 가공한 피쉬 오일,brain-cognitive
1987년 미국 서부 시간 기준  스트레스 완화 스트레스에 대한 냉정한 반응 촉진 농축 포뮬라 풀 스펙트럼 초임계 추출물 허브 보충제 비건 글루텐 무함유 B  corp  인증,brain-cognitive
보충제 유리 아미노산 두뇌 건강 보호 및 증진 순도 및 효능 보장 채식주의자 비건에 적합,brain-cognitive
구조대 브랜드 Bach  Rescue  제조사 제품 시계꽃  GABA  사프란  비타민D 신체의 스트레스 반응 지원 및 평온함 촉진 보충제 기타 천연 향료 함유 5가지 꽃 감각 비건 무중독성 상품,brain-cognitive
USDA 유기농 인증 보충제 유기농 인증 기관  QAI,brain-cognitive
커큐미노이드 95  관절 건강 증진 항산화에 도움 유전자 변형 성분 무함유 보충제 GMP 인증 시설에서 제조 BioPerine ,brain-cognitive
보충제 액상형 마시기 쉬운 새로운 병,brain-cognitive
신경계 맑은 정신 USDA 유기농 인증 허브 보충제 은행나무 액상 추출물 Organic Certifiers 유기농 인증 글루텐 무함유,brain-cognitive
영양 보충제,brain-cognitive
뇌 및 신경계 건강 캡슐당 500mg AjiPure  함유 보충제 두뇌 및 신경계 기능 증진 세포 증식을 위한 아미노산 의약품 등급 아미노산 1969년부터 과학에 기반한 고품질 상품 제공 식물성,brain-cognitive
구조대 브랜드 Bach  Rescue  제조사 제품 멜라토닌  아슈와간다  라벤더  카모마일  비타민B6 긴장 완화 및 편안하게 숙면을 취하도록 도와줍니다  보충제 기타 천연 향료 함유 6가지 플라워 에센스 비건 무중독성 상품,brain-cognitive
마그네슘 보충제 기타 천연 향료 함유 유전자 변형 성분 무함유 프로젝트 인증 채식주의자에게 적합 글루텐 무함유 R A W   인증 C L E A N   인증,brain-cognitive
1969년 설립 스트레스 관리를 통해 마음을 안정시킴 1회 제공량당 200mg 보충제 비건,brain-cognitive
식물성 Dr  Tori Hudson 제조 건강 보조 식품 Adrenal 어시스트는 채식주의자와 완전 채식주의자에게 적합합니다,brain-cognitive
Science Based Nutrition  BioVin   어드밴스드   프렌치레드와인추출물  5  레스베라트롤 함유 건강한 노화에 도움이 됨 비건 보충제 유전자 변형 성분 무함유   글루텐 무함유   대두 무함유,brain-cognitive
1947년 설립 강력한 항산화제 유전자 변형 성분 무함유 글루텐  밀 및 유제품 무함유 비건에게 적합한 제품 글루텐 무함유 인증 코셔 파르브 보충제,brain-cognitive
두뇌 강화 비타민B5 및 B6 함유 보충제 정신력 및 주의력 개선 1969년부터 과학에 기반한 고품질 상품 제공,brain-cognitive
진정 및 주의력 유지 GABA  l 테아닌 및 레몬밤 보충제 기타 천연 향료 함유 합성 향료 및 색소 무함유 글루텐 무함유 NSF 인증 B  corp  인증,brain-cognitive
긴장 완화 및 정신 집중 인지 기능 촉진 유전자 변형 성분 없음 건강 보조 식품 채식주의자 및 비건에게 적합,brain-cognitive
캘리포니아에서 재배 기분 좋은 고소한 맛 균사체 바이오매스   시원 자실체 증량제 또는 첨가제 무함유 USDA 유기농 인증 정성 들여 만든 슈퍼 푸드 강화 혼합 생성 Organic Certifiers 유기농 인증,brain-cognitive
카페인 l 테아닌 예르바마테 부드러움 강화 3 in 1 운동 능력 향상 허브 혼합물 커피 원두에서 추출한 천연카페인 짜증이나 예민함을 유발하지 않는 깨끗한 포뮬라 과학적으로 제조  실험실 검증 완료 l 테아닌 200mg 허브 누트로픽 보충제 비건 유전자 변형 성분 무함유 품질 검사 및 인증 완료 GMP 인증 시설 정신과 신체의 연료 자연이 선사하는 3중 운동 기능 향상 효능,brain-cognitive
건강한 노화 활력 증진 심장 건강 강력한 항산화 효과 및 면역 강화 포도씨 추출물  녹차  아사이베리 함유 보충제 우수 제조 및 품질 관리 기준 GMP 를 준수하는 일관된 품질 품질 검사 및 인증 완료 유전자 변형 성분 무함유 비건 정성을 담은 상품 글루텐  대두  계란  유제품  견과류  동물성 성분 무함유 활력 충전으로 건강해지는 일상 면역계 및 활력 증진 5가지 효과가 하나에 들어 있는 레스베라트롤 포뮬라,brain-cognitive
보충제 유전자 변형 성분 무함유 대두 무함유 높은 흡수율   안정성 PS Factor 건강한 두뇌 기능 순도   효능 보장 Sharp PS Green,brain-cognitive
1회 제공량당 60mg 징코 플라본 글리코사이드 24  함유로 표준화 건강한 뇌 기능 및 주의력 향상 지원 허브로 건강 관리 허브 보충제 품질 보증 품질 검사 완료 나트륨 무함유,brain-cognitive
Supports Relaxation   Stress Management  Vegan  No Gelatin  Non GMO  Dietary Supplement ,brain-cognitive
심혈관계 건강 보충제,brain-cognitive
영양분 인지 건강 보충제 순환 보조 및 정신적 피로 완화 가능 PureLeaf  은행나무 추출물 함유 글루텐 무함유 비건 인증 유전자 변형 성분 무함유 프로젝트 인증,brain-cognitive
보충제 Codeage 위드 러브 리포소말 전달 방식 비건 유제품 무함유 글루텐 무함유,brain-cognitive
1973년 설립 신체에 필요한 영양소를 공급하는 추출물로 제조 보충제 인도 매자나무 및 미분화된 울금 소화 기능 촉진 품질 검사 완료 비건 제품 더 밝은 방법,brain-cognitive
보충제 세포 활력에 도움,brain-cognitive
관절 건강 및 가동성 BioPerine 으로 표준화 허브 보충제 식물성 관절 건강  운동성 및 신체 기능 개선 활성산소를 중화하는 항산화제 공급 1969년부터 과학에 기반한 고품질 상품 제공,brain-cognitive
심혈관계 건강 개선 4 In 1 허브 포뮬라 허브 보충제 식물성 항산화 보호 작용 강화 종합적인 허브 심장 강화 증진 1969년부터 과학에 기반한 고품질 상품 제공,brain-cognitive
표준화된 트랜스 레스베라트롤 보충제 면역계 건강 증진 GMP   우수 제조 및 품질 관리 기준에 따른 일관된 품질 품질 검사 완료 유전자 변형 없는 성분으로 제조 Greatness by Nature  활력 및 심장 건강 증진 강력한 항산화제,brain-cognitive
건강한 부신 반응을 지원 식욕 관리 의학 박사 Hyla Cass의 추천 건강 보조 식품 채식주의자 비건,brain-cognitive
보충제 유전자 변형 성분 무함유 대두 무함유 PS Factor  뇌 건강의 비법 Sharp PS  그린,brain-cognitive
피롤로퀴놀린 퀴논 세포 에너지 및 두뇌 강화 캡슐당 20mg 보충제 PQQ 효능에는 건강한 정신 기능 유지에 도움이 되는 미토콘드리아 구조 및 기능 증진이 포함됩니다  임상 연구에 따르면 PQQ는 노년기까지 두뇌 건강을 보호할 수 있는 것으로 밝혀졌습니다  세포의 에너지 센터인 미토콘드리아의 건강한 구조 및 기능을 증진합니다 ,brain-cognitive
유전자 변형 성분 무함유 비건 상품 글루텐 무함유 주요 식품 알레르기 유발 성분 무함유 염증 반응 완화 항산화 효능 기분 전환 진정 효과 회복 보충제,brain-cognitive
Suntheanine 으로 제조 집중적인 진정 효과 보충제 유전자 변형 성분 무함유 인증,brain-cognitive
나이아신아마이드 모노뉴클레오타이드 건강한 노화 및 장수 NAD  생성 및 미토콘드리아 기능에 도움 보충제 30일분 유전자 변형 성분 무함유 비건 친화적 상품 글루텐 무함유 우수 제조 및 품질 관리 기준 cGMP  시설에서 제조된 제품,brain-cognitive
순환 및 면역 건강 증진   항산화제를 통한 보호 캡슐 1정 1회 제공량 제3기관이 인증한 순도 및 효능 보충제 유전자 변형 성분 무함유 글루텐 무함유 유제품 무함유 A Wealth of Wellness  We Make Wellness Possible  특수 포뮬라,brain-cognitive
품질  순도  효능 액티브 홀 스펙트럼 50 1 추출물 비건 유전자 변형 무함유 성분으로 제조 글루텐 무함유 보충제 Enhancing Nature s Miracles Since 1994,brain-cognitive
의학 박사 Ray Sahelian이 개발한 제품 스트레스 관리 긴장 이완 촉진 의사가 만든 제품 건강 보조 식품,brain-cognitive
필수 지방산 보충제 심장 건강 증진 두뇌 기능 강화 면역 건강 QAI 유기농 인증,brain-cognitive
커큐민   흑후추   생강 염증 반응 증진 및 항산화 작용 커큐미노이드 추출물 95  보충제 맛있는 강황 뛰어난 맛과 강력한 효과 어린이와 성인을 위한 달콤한 솔루션 GMP 인증 품질 품질 검사 완료 유전자 변형 성분 무함유 비건 상품 정성을 담은 상품,brain-cognitive
보충제 수면 뇌 신경 스트레스 글루텐 무함유,brain-cognitive
대사성 염증 억제 보충제,brain-cognitive
서방정 포뮬라 강황 추출물 일반 커큐민보다 3배 더 강력한 커큐민  생체 활성 강황 추출물 보충제,brain-cognitive
Mind Force  버섯 혼합물 흡수를 돕기 위해 발효됨 유기농 노루궁뎅이버섯으로 제조 ICS 유전자 변형 성분 무함유 프로젝트 인증 NSF 글루텐 무함유 인증 코셔 보충제 국제 인증 서비스 인증 유기농 비건 인증 인공 향료 또는 색소 무함유 버몬트에서 감사의 마음을 담아 ,brain-cognitive
표준화된 추출물 커큐미노이드 95  유전자 변형 성분 무함유 채식주의자 비건에게 적합 코셔 보충제 할랄,brain-cognitive
허브 보조제 USDA 유기농 유전자 변형 성분 미함유 프로젝트 인증 Fairtrade  코셔 할랄 사회적 기업 인증 Aditi Organic Certifications Pvt  Ltd  인증 유기농 비건 식물성 글루텐 없음,brain-cognitive
허브 영양제 Michael Tierra L Ac  O M D가 만든,brain-cognitive
보충제 코셔 GMP   우수 제조 및 품질 관리 기준 글루텐 무함유 유전자 변형 성분 무함유 비건 제품 100  식물성 유제품 무함유 설탕 무함유,brain-cognitive
항산화 성분을 통한 뇌 보호 보충제 NSF 유전자 변형 성분 무함유 인증 채식주의자 비건에게 적합,brain-cognitive
레스베라트롤 보충제 1위 브랜드 강력한 Pro Longevity 혼합물의 세포 보호 효과 글루텐 무함유 비건에게 적합 보충제,brain-cognitive
피롤로퀴놀린 퀴논 미토콘드리아 생물 발생 촉진 심장 및 인지 기능 증진 보충제 BioPQQ,brain-cognitive
데일 브레데슨 박사 기억력 및 집중력 일일 부스터 정신력 강화 및 신경 세포 보호 보충제 비건 제품 글루텐 무함유,brain-cognitive
건강 보조 식품,brain-cognitive
건강보조식품,brain-cognitive
Dietary Supplement Nutricost  Quality Guaranteed Third Party Tested Gluten Free Product Non GMO Product Gluten Free,brain-cognitive
25년 이상 지켜온 프리미엄 품질 액티브 홀 스펙트럼 4 1 추출물 비건 유전자 변형 성분 무함유 글루텐 무함유 보충제 GMP 인증 및 미국 식품의약국 등록 Enhancing Nature s Miracles Since 1994 ,brain-cognitive
통증 완화 포뮬라 1위 수상 임상적으로 연구된 커큐민 및 강황 복합체 안전하고 효과적이며 중독성 없이 통증 완화  여러분의 건강을 위하여   Terry 보충제 코셔 비건 제품 유전자 변형 성분 무함유 할랄 순도   품질 검사 완료,brain-cognitive
항산화 효과 Green Foods 포뮬라 보충제 식물성 정신  신체  가정을 위한 전반적인 웰니스 증진 최고의 순도 및 효능 1969년부터 과학에 기반한 고품질 상품 제공,brain-cognitive
25년 이상 지켜 온 프리미엄 품질 궁극의 200mg 용량 진정   이완   스트레스 억제 영양소 비건 제품 유전자 변형 없는 성분으로 제조 글루텐 무함유 보충제 품질  순도  효능 1994년부터 자연이 주는 기적을 나누는 회사 진정   이완   스트레스 억제 영양소,brain-cognitive
허브 보충제 마이클 티에라  전문 침술사 겸 동양의학박사 개발,brain-cognitive
주의력 및 집중력 강화 단기 및 장기 기억력 개선 임상 검증된 성분 Liposomal Technology  보충제 복용컵 포함,brain-cognitive
심장 건강 증진 3 in 1 포뮬라 허브 보충제 정신  신체  가정을 위한 전반적인 웰니스 증진 최고의 순도 및 효능 1969년부터 과학에 기반한 고품질 상품 제공,brain-cognitive
 329  뛰어난 흡수력 보충제 Unleash Your Potential,brain-cognitive
글루텐 무함유 유전자 변형 성분 무함유 LE 인증 근육 및 관절 통증 완화 보충제,brain-cognitive
강황 Curcuma longa  신체 회복 USDA 유기농 인증 허브 보충제 강황 액상 추출물 Organic Certifiers 유기농 인증 건조 허브 용제 비율  1 4,brain-cognitive
25년 이상의 프리미엄 품질 식물성 유효 성분 추출물 비건 유전자 변형 없는 성분으로 제조 글루텐 무함유 보충제 1994년부터 자연이 주는 기적을 나누는 회사,brain-cognitive
1988년 설립 Uthever  영원한 젊음  세계 최고의 NMN 보충제 1회 제공량당 NMN 300mg 미국에서 제조 및 품질 검사 완료 우수 제조 및 품질 관리 기준 GMP  인증 중금속 검사 완료,brain-cognitive
USDA 유기농 인증 유기농강황 유기농흑후추 유전자 변형 성분 무함유 포뮬라 보충제 유기농 인증 기관  Where Food Comes From Organic,brain-cognitive
USDA 유기농 인증 비 GMO 프로젝트 인증 유기농 발효 통 강황   생강 함유 소화를 위한 유기농 후추   프로바이오틱스 4개월 분량 허브 보충제 코셔 제품 QCS 인증 유기농 제품 사회적 기업 인증 비건 인증 제품 NSF의 글루텐 프리 인증 추적 가능  테스트 완료   진품 제 3 자 감사 완료  유기농 인증 완료   비 GMO 승인 완료 전문적으로 제조,brain-cognitive
피롤로퀴놀린 퀴논 자극   보호   재생 비건 상품 글루텐 무함유 유전자 변형 성분 무함유 보충제,brain-cognitive
야간 중 진정 및 긴장 완화 효과 보충제 제3 기관 품질 검사 완료 Certified Open Source    전 성분 표시 미국 우수 제조 및 품질 관리 기준 cGMP  인증 시설에서 생산,brain-cognitive
대용량 호장근에서 추출한 총 100 mg의 레스베라트롤 심혈관 건강 지원 식이보충제 비건 제품,brain-cognitive
C3 Complex  강황 500mg 커큐미노이드 475mg Bioperine  흑후추 추출물 함유 코코넛오일 함유 보충제,brain-cognitive
레스베라트롤 보충제 1위 브랜드 4시간 지속 방출 트랜스 레스베라트롤 인텐시브 프로 장수 셀룰러 프로텍션 글루텐 무함유 비건 보충제,brain-cognitive
보충제 유전자 변형 성분 무함유 글루텐 무함유 보존제 무함유 스트레스 및 긴장감 관리,brain-cognitive
활성산소 제거제 균형 잡힌 면역 반응 증진 요로 건강 Pycnogenol Horphag Research 보충제 채식주의자 비건에게 적합 유전자 변형 성분 무함유 전반적인 건강 증진 1968년 설립된 가족 기업 GMP 인증,brain-cognitive
정신적인 피로감 완화 집중력 부족 두통 불면증 동종 요법 의약품 휴대하기 편리한 완화제 자극제 무함유 자연적인 방식으로 건강을 지원 동종 요법 의약품의 세계적인 리더 인공 색소  향료  감미료 또는 보존제 무함유,brain-cognitive
보충제 베리 및 식물성 항산화제 복합체,brain-cognitive
건강 염증 반응  우수한 커큐민 흡수력 임상적으로 연구된 투르메론 Turmerones 을 함유한 커큐민 강황보다 최대 500배 강력한 효능  당신의 건강을 위하여   테리  Terry  건강 보조 식품 할랄 제품 유전자 변형 성분 없음 강력하고 증명된 효능 ,brain-cognitive
관절 건강 증진 TRU ID  진품 인증 유전자 변형 성분 무함유 프로젝트 인증 1회 제공량당 500mg 보충제 비건,brain-cognitive
프리미엄 포뮬라 상품 GMP   우수 제조 및 관리 기준 제3기관 품질 검사 완료 보충제 나트륨 무함유,brain-cognitive
순수 나무 재배 버섯 추출물 보충제 USDA 유기농 인증 비건 인증 글루텐 무함유 인증 코셔 파르브 Oregon Tilth 유기농 인증 알레르기 유발 성분 무함유 TruGanic  인증   TruGanic  원료 공급 친환경 시설 비건 윤리 품질 검사 인증 Ecofresh  포장,brain-cognitive
유기농 노루궁뎅이버섯 분말 1 000mg 비건 유전자 변형 성분 무함유 상품 기억력 및 신경계 강화 GMP 시설에서 제조 보충제,brain-cognitive
집중력 및 주의력 증진 마음을 가라앉히며 작업 집중 능력 촉진 보충제 글루텐 무함유 Neumentix ,brain-cognitive
울트라 클린 에너지 및 인지 기능 향상 Enfinity 의 효능 천연 및 인공 향료 보충제 열을 발생시키는 Axivite   탄수화물 및 지방 대사  체중 감량 효과 2배  에너지 집중력,brain-cognitive
진정 보충제 젤라틴 무함유 천연 향료 및 색소 비건 글루텐 무함유,brain-cognitive
글루텐 무함유 두뇌 건강 보충제 기억력  학습력  집중력 강화 건강한 코티솔 수치 유지,brain-cognitive
100  천연 성분 정상적인 건강한 두뇌 기능을 지원하는 제품 효능 보장 삼키기 쉬움 보충제 자극제 무함유,brain-cognitive
유기농 노루궁뎅이버섯 분말 1 000mg 비건 유전자 변형 성분 무함유 상품 기억력 및 신경계 강화 GMP 시설에서 제조 보충제,brain-cognitive
트랜스 레스베라트롤 250mg 심혈관계 건강 증진 항산화 보호 비건 및 유전자 변형 성분 무함유 상품 보충제,brain-cognitive
스트레스 완화 캡슐당 167mg Lactium  보충제 신체가 일상 스트레스에 건강하게 반응하도록 도움 스트레스로 인한 부정적인 생리학적 영향 방지 1969년부터 과학에 기반한 고품질 상품 제공,brain-cognitive
임상 효능이 있는 커큐민 소염 작용 경미한 진통 완화 관절 건강 증진  329  뛰어난 흡수력 하루 500mg Bioperine  함유 보충제 Unleash Your Potential ,brain-cognitive
데일리 골든 밀크 분말 혼합물 강황   7가지 슈퍼푸드 흑후추로 흡수력 최대화 설탕 무함유 건강 보조 식품 건강한 음식  활력 넘치는 일상 정성을 담은 제품 유전자 변형 성분 무함유 비건 케토 여성이 소유하고 운영하는 기업,brain-cognitive
기초 건강 지원 허브 보조제 B Corporation 인증,brain-cognitive
정서 안정 및 스트레스 완화 트리플 액션 포뮬라 허브 보충제 정신  신체  가정의 전반적인 웰니스 증진 최고의 순도 및 효능 1969년부터 과학에 기반한 고품질 상품 제공,brain-cognitive
항산화 효과 캡슐당 100mg 보충제 Pycnogenol  천연 슈퍼 항산화제,brain-cognitive
순도 100  프리미엄 등급 쌓을 수 있는 OxyShred   Beyond 각성제  설탕  탄수화물  증량제 무함유 100회 제공량 품질 검사 완료 에너지 촉매 지방산 수송체 보충제 전 세계 수백만 명의 사람들이 신뢰하는 상품 신체의 잠재력 강화 2012년부터 업계를 선도 GMP 인증,brain-cognitive
USDA 유기농 인증 커큐민 95  함유 유전자 변형 성분 무함유 상품 보충제 Organic Certifiers 유기농 인증 GMP 등록 시설에서 제조,brain-cognitive
전반적인 웰니스 보충제 비건 마그네슘스테아레이트 무함유 글루텐 무함유 유전자 변형 성분 무함유,brain-cognitive
Made With Real Fruit Juice Puree Doctor Developed Phosphatidylserine   B12 Dietary Supplement Supports Learning   Brain Function Gluten Free GMO Free,brain-cognitive
Longvida  최적화된 커큐민 인지 기능 강화 유리 커큐민 순환 유전자 변형 성분 무함유 보충제 채식주의자 비건에 적합,brain-cognitive
1947년 설립 은행나무 Ginkgo Biloba  보충제 코셔 파르브 비건에 적합 글루텐 무함유 인증 유전자 변형 성분 무함유 완전한 효능의 허브,brain-cognitive
건강한 염증 반응 포뮬라 111 무향 유기농 재배 GMP 인증 허브 보충제,brain-cognitive
보충제 코엔자임Q10 200mg 미토콘드리아 기능 개선 신경계 강화 작용,brain-cognitive
1969년 설립 프리미엄 추출물 기억력과 집중력 향상 TRU ID  진품 인증 유전자 변형 성분 무함유 프로젝트 인증 은행 플라본 글리코시드 24  테르펜락톤 6  보충제 비건,brain-cognitive
강력한 식물의 힘 보충제 증량제 무함유 천연 허브 무가공 천연 농축 미국에서 재배 글루텐 무함유 비건 유전자 변형 성분 무함유 100  코셔,brain-cognitive
냄새 없는 유기농 마늘 보충제 숙성 마늘 추출물 GABA  비타민 B1  B6    B12 GMP 인증 제품,brain-cognitive
가족 농장 1994년 설립 허브 보충제 신경 진정   진정 임상적으로 검증된 l 테아닌 유전자 변형 성분 무함유 인증  글루텐 무함유,brain-cognitive
1932 이후로 표준화 된 추출 신선한   건강한 매일 한번씩 식이 보충제,brain-cognitive
1969년 설립 구미젤리 2개 제공량당 루테인 20mg 및 제아잔틴 4mg 보충제 글루텐 무함유 전 세계에서 고품질의 원료 조달,brain-cognitive
유기농 커큐민 50mg 소화를 돕는 유기농 후추 및 프로바이오틱 USDA 유기농 인증 유전자 변형 성분 무함유 프로젝트 인증 허브 보충제 코셔 인증 QCS 유기농 인증 B  corp  인증 글루텐 무함유 인증 비건 인증,brain-cognitive
1 g Per Serving 100 g Per Container Dietary Supplement Nutricost  Quality Guaranteed Third Party Tested GMP Compliant Facility Non GMO Product Gluten Free,brain-cognitive
Made With Real Fruit Juice Puree Doctor Developed Phosphatidylserine   B12 Dietary Supplement Supports Learning   Brain Function Gluten Free GMO Free,brain-cognitive
Pyrroloquinoline Quinone Dietary Supplement Nutricost  Quality Guaranteed Vegetarian Product GMP Compliant Facility Non GMO Product Third Party Tested Gluten Free,brain-cognitive
혈당 건강 증진 표준화 허브 보충제 건강한 인슐린 기능과 포도당 대사 촉진 대사 건강 증진 흡수율을 높이는 흑후추 추출물 함유 1969년부터 과학에 기반한 고품질 상품 제공,brain-cognitive
보충제,brain-cognitive
심장 건강 증진 보충제 글루텐 무함유 유전자 변형 성분 무함유 심혈관계 및 면역 건강 증진 발효 COQ 10 미토콘드리아 에너지 생성 촉진,brain-cognitive
스트레스 감소 및 기억력 향상에 도움 보충제,brain-cognitive
건강 보조 식품,brain-cognitive
pH 민감한 피부용 식품 품질 EnteroGuard  코팅 포일 블리스터 팩 포장 천연 성분 완전한 효능 400mg SAMe 토실레이트 이황산염에서 추출한 SAMe 200mg 순 함유량  최고 농도의 활성 S S 형태 글루텐 무함유 비건 보충제 채식주의자 비건에 적합,brain-cognitive
1932 이후로 표준화 된 추출 신선한   건강한 매일 한번씩 식이 보충제,brain-cognitive
대용량 호장근에서 추출한 총 100 mg의 레스베라트롤 심혈관 건강 지원 식이보충제 비건 제품,brain-cognitive
식물성 Dr  Tori Hudson 제조 건강 보조 식품 Adrenal 어시스트는 채식주의자와 완전 채식주의자에게 적합합니다,brain-cognitive
유기농리놀레산 LA  및 리놀렌산혼합물 ALA  필수 지방산 보충제 심장 건강 증진 두뇌 기능 강화 면역 건강 보충제,brain-cognitive
USDA 유기농 인증 프리미엄 보충제  Where Food Comes From  Inc 유기농 인증 100  식물성 및 비건 상품,brain-cognitive
1969년 설립 기억력과 집중력 증진 TRU ID  진품 인증 유전자 변형 성분 무함유 프로젝트 인증 징코 플라본 글리코사이드 24  테르펜 락톤 6  보충제 비건 제품,brain-cognitive
기분 개선 호르몬 및 약물 성분 없음   열감 및 도한 증상을 완화하는 데 도움 감정 기복 및 폐경으로 인한 불안감 관리 건강 보조 식품 안전하고 효과가 좋은 제품 안전한 제품 합성 호르몬  동물유래 호르몬 및 인간 호르몬 무함유  보존제 없음 락토오스 무함유 효모  밀 또는 글루텐 무함유 열감 및 도한에 좋은 승마 짜증 및 감정 관리를 위한 후박나무 주의력 및 기억력 개선을 위한 은행나무,brain-cognitive
보충제 건강한 염증 반응 강화  27배 더 높은 생체이용률 채식주의자에게 적합,brain-cognitive
1973년 설립  눈 건강 보충제 품질 검사 완료,brain-cognitive
인지 기능 강화 Neumentix  함유 허브 보충제 인지 기능 및 반응 민감성 증진 기억력 향상에 도움 밤에 수면을 방해하지 않고 낮에 집중할 수 있도록 돕는 보충제 1969년부터 과학에 기반한 고품질 상품 제공 식물성,brain-cognitive
Enhanced Absorption  Supports Healthy Inflammation Response  Dietary Supplement Manufactured In a cGMP Certified USA Facility,brain-cognitive
세포 에너지 증가 세포 대사 지원 세포 회복 촉진 식물성 보충제 NSF Sport 인증 ChromaDex 코셔 할랄,brain-cognitive
1987년 설립 스트레스 완화 스트레스 완화를 위한 단기 요법 농축 포뮬라 풀 스펙트럼 허브 보충제 비건 상품 글루텐 무함유 B  corp  인증,brain-cognitive
USDA 유기농 인증 보충제 비건 인증 코셔 CCOF 유기농 인증,brain-cognitive
1969년 설립 기억력과 집중력 증진 TRU ID  진품 인증 유전자 변형 성분 무함유 프로젝트 인증 징코 플라본 글리코사이드 24  테르펜 락톤 6  보충제 비건 제품,brain-cognitive
1972년 설립 표준화된 추출물 95  관절이 건강하게 기능하도록 도움 커큐미노이드로 표준화 3가지 활성 강황 성분 함유 강황 뿌리줄기에서만 추출 1회 제공량당 강황 뿌리줄기 13g 함유 3가지 주요 강황 성분 Trust the Difference  유전자 변형 성분 무함유 프로젝트 인증 알코올 무함유 추출물 허브 보충제 글루텐 무함유 The True Nature of Our Standards Goes Way Beyond the Herb     3가지 주요 커큐미노이드 가 함유된 Turmeric 3  Full Fingerprint Intact  Nothing Added  Nothing Subtracted   Turmeric 3  일반 크로마토그램 효과 입증됨 ,brain-cognitive
진정 작용의 아미노산   아답토젠 균형 잡힌 스트레스 반응   정신 능력 강화 전반적인 정서 안정 촉진 부신   중추 신경계 건강 증진 보충제,brain-cognitive
진정 작용의 아미노산   아답토젠 균형 잡힌 스트레스 반응   정신 능력 강화 전반적인 정서 안정 촉진 부신   중추 신경계 건강 증진 보충제,brain-cognitive
1 500mg BioPerine  함유  비건 유전자 변형 성분 무함유 글루텐 무함유 보충제 관절 건강,brain-cognitive
스트레스 완화 1회 제공량당 l 테아닌 200mg 함유 비건 상품 글루텐 무함유 유전자 변형 성분 무함유 프로젝트 인증,brain-cognitive
항산화 효과 캡슐 1정당 50mg 표준화 허브 보충제 항산화 효과 프로안토시아니딘 95 로 표준화 전반적인 체내 영양 공급의 효과적인 지원 1969년부터 과학에 기반한 고품질 상품 제공,brain-cognitive
허브 보충제 코셔 파르브 관절 통증 완화 항산화제 글루텐 무함유 천연향료 젤라틴 무함유 및 식물성 땅콩 및 견과류 무함유 어린이 개봉 방지 처리된 뚜껑,brain-cognitive
1988년 설립 1회 제공량당 NR 500mg 보충제 순도 및 효능 제3 기관 인증   품질 검사 완료 미국에서 제조 및 품질 검사 완료 우수 제조 및 품질 관리 기준 GMP  인증,brain-cognitive
면역 건강 3 In 1 체력 강화 포뮬라 허브 보충제 전반적인 체력을 강화하고 건강을 증진하는 전통 허브 면역 건강  에너지 및 항산화 효과를 증진하고 간 및 뇌 기능 강화 1969년부터 과학에 기반한 고품질 상품 제공,brain-cognitive
보충제 감정 조절 및 관절 강화 채식주의자 비건에게 적합,brain-cognitive
보충제 수면 뇌 신경 스트레스 글루텐 무함유,brain-cognitive
에너지 보조 식품 여러분은 최고를 받을 자격이 있습니다 품질 보증된 건강 보조 식품 천연 보충제 품질 천연 보조 식품 글루텐 미함유 Vcaps,brain-cognitive
1회 제공량당 60mg 징코 플라본 글리코사이드 24  함유로 표준화 건강한 뇌 기능 및 주의력 향상 지원 허브로 건강 관리 허브 보충제 품질 보증 품질 검사 완료 나트륨 무함유,brain-cognitive
1987년 설립 스트레스 완화 스트레스 완화를 위한 단기 요법 농축 포뮬라 풀 스펙트럼 허브 보충제 비건 상품 글루텐 무함유 B  corp  인증,brain-cognitive
동충하초 및 영지버섯 혼합물 미국에서 재배한 유기농 버섯 균사체로 제조 글루텐 무함유 유전자 변형 성분 미함유 프로젝트 인증 식이 보조제 워싱턴 주 농무부 유기농 인증,brain-cognitive
보충제 흡수율이 높은 커큐민 오메가3 1 000mg 및 항산화 효과 전신 건강 개선 순도 및 효능 보장,brain-cognitive
California Gold Nutrition l 테아닌  200mg AlphaWave  l 테아닌 함유 긴장 완화  글루텐  유전자 변형 성분  대두 무함유 cGMP 인증 시설에서 생산 100  골드 개런티 Gold Guarantee ,brain-cognitive
