effect,category
California Gold Nutrition 스포츠 유기농 MCT 오일 USDA 유기농 인증 코코넛오일에서 추출한 MCT QAI 유기농 인증 케토 식단 보조  식물성 두뇌 및 신체 연료  비건 및 채식주의자에게 적합 글루텐 무함유  유전자 변형 성분 무함유  팜오일 무함유  대두 무함유 cGMP 인증 시설에서 제조 100  골드 개런티 Gold Guarantee ,체중 조절
California Gold Nutrition 스포츠유기농 MCT 오일 USDA 유기농 인증 코코넛오일에서 추출한 MCT QAI 유기농 인증 케토 식단 보조  식물성 두뇌 및 신체 연료  채식주의자에게 적합 글루텐 무함유  유전자 변형 성분 무함유  대두 무함유  팜오일 무함유 cGMP 인증 시설에서 제조 100  골드 개런티 Gold Guarantee ,체중 조절
신진대사 강화 보충제 글루텐 무함유 품질 보증  품질 검사 완료,체중 조절
매일 1정 글루텐 무함유 유전자 변형 성분 무함유 LE 인증 복부 지방 억제  보충제몸에 저장된 복부 지방을 연소하도록 촉진 생기 넘치는 AMPK 수치 재활성 두 가지 강력한 식물 추출물이 AMPK 활동 유도 건강한 세포 대사 촉진,체중 조절
보충제 삼키기 쉬운 캡슐 소화   순환 순도   효능 보장,체중 조절
최첨단 긴장 완화제   Thermovigilance 임상 시험을 완료한 Verilean  함유 에너지 증진 신진대사 촉진 빠른 체중 감량 강력한 발열 연소제 보충제 믿을 수 있는 성분 인공 색소 무함유 설탕 무함유 인공 향료 무함유 젤라틴 무함유 보존제 무함유 인공 감미료 무함유목표를 달성하도록 계속 동기를 부여하는 신속한 결과 지방 연소에 도움이 되는 임상 시험을 완료한 핵심 성분 다이어트 피로를 극복하도록 돕는 깨끗하고 부드러운 에너지 계속 칼로리를 갈구하지 않도록 하는 식욕 억제 기능 확실한 효과  체중이 줄어들지 않는 것은 절망스러운 일이므로 ,체중 조절
영양 보충제 유전자 변형 성분 무함유 보충제 일반 건강 1968년에 설립된 가족 기업 우수 제조 및 품질 관리 기준 GMP  품질 보증,체중 조절
Super Citrus Lipo Burner  저장된 지방 분해 지원 자몽  스위트 오렌지  블러드 오렌지 및 Sinetrol  함유 보충제,체중 조절
보충제 Natural Factors 소화 및 순환 삼키기 쉬운 캡슐 순도 및 효능 보장,체중 조절
1969년 설립 뇌와 신체의 연료 비건 인증 USDA 유기농 인증 유전자 변형 성분 무함유 프로젝트 인증 Paleo 인증 케토 인증 제품 100  효능   증량제 오일 무함유 중쇄중성지방 1회 제공량당 14g  보충제 글루텐 무함유 BPA 무함유 Pro Cert 유기농 인증 Nature s Way  인증100  중쇄중성지방   1회 제공량당 중쇄중성지방 14g 빠르게 소화되어 뇌와 신체 활동을 위한 에너지로 전환 포만감에 도움 프리미엄 코코넛 추출물만 사용   팜오일 및 기타 증량제 오일 무함유 무맛  무향 헥산 무함유 냉장 보관 시에도 액체 상태 유지,체중 조절
활성산소 제거제 EGCg 200mg   카테킨 80  세포 건강 증진 유전자 변형 성분 무함유 프로젝트 인증 보충제 채식주의자 비건에게 적합 코셔 식물성 허브 1968년 설립된 가족 기업 우수 제조 및 품질 관리 기준 GMP  품질 보증,체중 조절
세계 최초의 애플 사이다 식초 구미젤리 보충제 초모 함유 비건 인증 코셔 파르브 글루텐 무함유 유전자 변형 성분 무함유 비여과,체중 조절
체중 관리 500mg 이상의 크로뮴 강력한 지방 흡수 작용 이미 정상 범위 내에 있는 콜레스테롤 수치 유지에 도움 유전자 변형 성분 무함유 보충제 전반적인 건강 증진 1968년 설립된 가족 기업 GMP 품질 보증,체중 조절
흰강낭콩추출물 체중 관리 유전자 변형 성분 무함유 보충제 채식주의자 비건에게 적합 코셔 식물성 허브 1968년 설립된 가족 기업 우수 제조 및 품질 관리 기준 GMP  품질 보증,체중 조절
건강한 신진대사 표준화된 추출물 HCA 50  유전자 변형 성분 무함유 보충제 채식주의자 및 비건에 적합 코셔 식물성 허브 1968년 설립된 가족 기업 우수 제조 및 품질 관리 기준 GMP  품질 보증,체중 조절
1969년 설립 뇌와 신체의 연료 비건 인증 USDA 유기농 인증 유전자 변형 성분 무함유 프로젝트 인증 Paleo 인증 케토 인증 100   효능 필러오일 없음 중쇄중성지방   1회 제공량당 14g   보충제 Pro Cert 유기농 인증 Nature s Way  인증 글루텐 무함유 BPA 무함유100  MCT     1회 제공량당 MCT 14g  빠르게 소화되어 뇌와 몸을 위한 에너지로 전환됨  포만감에 도움 프리미엄 코코넛추출물만 사용   팜오일 및 기타 충전제 오일 무함유  무맛  무향  헥산 무함유  냉장 보관 시에도 액상으로 유지됨 ,체중 조절
경제적인 용량  탄수화물 중화 소화 향상 신진대사 촉진 보충제전분 효소를 중화합니다  흰강낭콩은 각성제가 없는 100  천연 성분으로서  전분 소화를 담당하는 효소인 아밀라아제를 억제하여 탄수화물의 부정적인 효과를 중화시킵니다  이 강력한 식물 추출물은 인체가 소화시키는 전분 탄수화물 칼로리 수를 줄이는 작용을 합니다  소화 향상  리파아제와 프로테아제는 지방과 단백질 분해를 담당하는 필수 효소입니다  본 포뮬라에는 이 효소들이 포함되어 있어 음식물 소화를 최적화합니다  신진대사 지원  크로뮴 피콜리네이트는 체내에서 건강한 탄수화물 및 지방 대사를 촉진합니다  이 포뮬라는 시나몬 추출물 농축액도 제공합니다 ,체중 조절
영양 보조 식품 유전자 변형 성분 없음 건강 보조 식품 채식주의자 비건 일반 건강 1968년 설립된 가족 기업 GMP 품질 보증,체중 조절
체중 관리 500mg 플러스 크로뮴 강력한 지방 흡수 작용 이미 정상 범위 내에 있는 콜레스테롤 수치 유지에 도움 유전자 변형 성분 무함유 보충제 전반적인 건강 증진 1968년 설립된 가족 기업 우수 제조 및 품질 관리 기준 GMP  품질 보증,체중 조절
천연 및 인공 향료 체중 감량 및 콜레스테롤 감소 측정할 수 있는 결과  15회 제공량 비타민   미네랄 24종 트랜스지방 0g 유당 무함유 글루텐 무함유 유전자 변형 성분 없는 대두1회 제공량 기준 130칼로리에 불과 건강하게 드시고 건강을 느껴 보십시오,체중 조절
탄수화물 중화 소화 향상 신진대사 지원 보충제전분 효소 중화  흰 강낭콩은 전분을 소화하는 효소인 신체의 아밀라아제 일부를 억제함으로써 탄수화물의 부정적인 작용을 중화하는 100  천연 비자극성 성분입니다  이 강력한 식물 추출물은 몸에서 소화하는 전분으로 인한 탄수화물 칼로리를 줄이는 작용을 합니다  소화 향상  리파아제 및 프로테아제는 지방과 단백질을 분해하는 필수 효소입니다  이러한 효소가 이 포뮬라에 포함되어 음식물의 소화를 최적화합니다  신진대사 지원  크로뮴 피콜리네이트는 몸의 탄수화물과 지방의 건강한 대사를 촉진하는 데 도움을 줍니다  이 포뮬라에서는 농축된 계피 추출물도 공급합니다 ,체중 조절
소화 기능 개선 뱃살   군살 감소 지방 연소   체중 감량 필수 영양소 11가지  체중 감량 시기에 필수 보충제,체중 조절
활성산소 제거제 EGCg 200mg   카테킨 80  세포 건강 증진 유전자 변형 성분 무함유 프로젝트 인증 보충제 채식주의자 비건 제품 코셔 식물성 허브 1968년에 설립된 가족 기업 우수 제조 및 품질 관리 기준 GMP  품질 보증,체중 조절
체중 관리 탄수화물 조절에 도움 지방 대사 촉진 흰강낭콩 추출물 채식주의자에게 적합 건강 보조 식품,체중 조절
98  폴리페놀 유전자 변형 성분 무함유 LE 인증 하루 한 알 농축 폴리페놀 추출물 보충제325mg 이상의 강력한 EGCG 제공 세포  심혈관계  인지 건강 지원 정상 범위 내에 있는 콜레스테롤 수준 유지에 도움 건강한 세포 증식 및 대사 기능 촉진,체중 조절
신진대사 강화 보충제 글루텐 무함유 품질 보증   연구소 검사 완료,체중 조절
MCT 중쇄중성지방  MCT 오일 1 000mg 유전자 변형 성분 무함유 보충제 코셔   젤라틴 함유 전반적인 건강 증진 1968년 설립된 가족 기업 우수 제조 및 품질 관리 기준 GMP  품질 보장,체중 조절
CLA 1 000mg 신진대사 체성분 글루텐 무함유 건강한 대사속도 지원 체중 관리 지원 탄탄한 근육 강화 90회 제공량 보충제저장된 체지방을 연료로 활용 고강도 운동 후 회복 지원 순근육 발달 지원 신진대사 속도,체중 조절
CLA 1 000mg 신진 대사 체성분 글루텐 무함유 건강한 대사율 지원 체중 조절 보조 탄탄한 근육 지원 180회 제공량 보충제저장된 체지방을 연료로 활용 고강도 운동 후 회복 지원 군살 없는 근육 발달 지원 신진대사율,체중 조절
글루텐 무함유 유전자 변형 성분 무함유 LE 인증 건강한 식습관 지원   보충제간식 섭취를 줄이는 데 도움이 되는 신경 전달 물질 신호에 영향 불규칙적인 식습관을 줄여 건강한 체중 관리를 지원 카페인 없이 식욕 관리 지원을 제공,체중 조절
식초의 뒷맛이 없음 비타민 맛있는 제품  글루텐 무함유 유전자 변형 성분 무함유 베지 포뮬라 보충제,체중 조절
식욕 억제 소식으로 느끼는 포만감 빠르게 느끼는 포만감 보충제 식단 전문 회사,체중 조절
1926년 설립 천연 및 인공 향료 식사 대용 및 체중 감량 측정할 수 있는 결과  천연 및 인공 향료 1회 제공량당 단 140칼로리 건강하게 드시고 건강을 느껴 보십시오  단백질 13g 24가지 비타민 및 미네랄 함유 트랜스 지방 0g 유당 무함유 글루텐 무함유 유전자 변형 성분 없는 대두 1926년부터 Naturade 품질 및 순도 보장,체중 조절
연구 및 개발 퍼포먼스 시리즈 단백질 30g   L 카르니틴  L 타르타르산염 500mg   공액리놀레산 250mg   로부스타 커피콩 C  canephora robusta  200mg   순근육 증강을 위한 우수한 유청 단백질 펩타이드 과학적으로 검사 완료된 체중 감량 복합체로 강화  천연 인공 향료 보충제 Clarinol 퍼포먼스 단백질 분야 1위 20년 이상 우수성을 유지 우수 제조 및 품질 관리 기준 cGMP  제조   모든 보충제가 준수해야 하는 cGMP 표준에 따라 제조고유 혼합물 무함유 기준량에 미달하는 주요 성분 없음 금지 물질 무함유 증량제 무함유 과장 없는 효과 예외 없음,체중 조절
비타민 글루텐 무함유 유전자 변형 성분 무함유 보충제 100  품질 만족 보장 DNA 검사 완료 식물 성분 변함없는 효과를 제공하며 식초 맛이 남지 않음 Tru ID 진품 인증,체중 조절
새로운 모습 같은 공예 소화 건강 증진 다이어트 및 체중 보충제 펙틴 기반 젤라틴 무함유 채식주의자에게 적합 전 세계적으로 공급되는 성분 GMP   인증된 시설에서 조달 타사 랩 인증,체중 조절
부신 지원 Relora 함유 건강한 부신 반응을 지원 식욕 관리 의학 박사 Hyla Cass의 추천 제품 보충제 채식주의자 및 비건에 적합 코셔 1968년에 설립된 가족 기업 우수 제조 및 품질 관리 기준 GMP  품질 보증,체중 조절
각성제 무함유 임상에서 효과가 증명됨  복부 지방 감소 증진 보충제 체지방 감소에 도움 Sinetrol  감귤류 과일 혼합물 Capsimax  화끈거림 없는 카이엔 유제품 무함유 대두 무함유 글루텐 성분 무함유 베지 캡슐,체중 조절
건강한 체중 관리 생강  카이엔   메이플 수분 균형 지원 건강한 체중 감량 장 건강 증진 최대 강도 포뮬러 건강 보조 식품체중 조절 면역 지원 소화 피부 건강,체중 조절
지금 시작하십시오 Tribe를 만나보십시오  천연 및 인공 향미료 보충제 30회 제공량 우수 제조 및 품질 관리 기준 GMP  준수 시설에서 생산 글루텐 무함유 비건에 적합,체중 조절
건강한 체중 관리 지원 100  순수 브린들베리 각성제 무함유 보충제 비건 유전자 변형 성분 무함유 글루텐 무함유,체중 조절
미국 판매 1위 체중 감량 보충제 브랜드   1억 병 판매 체중 감량  칼로리 소모  탄수화물  단백질 및 지방 대사  천연 에너지 공급원  필수 비타민 체중 감량   주요 성분   과학적 연구 보충제 체중 감량   날씬한 몸매   상쾌한 기분,체중 조절
1회 제공량당 1 000mg 신진대사 강화 보충제 글루텐 무함유 품질 보증   품질 검사 완료 100  식물성,체중 조절
단쇄지방산 마이크로바이옴 지원 소화 기능 개선 원활한 신진대사 보충제 케토  비건  채식주의자에게 적합,체중 조절
자연적 소화기 건강 및 웰니스 필터링되지 않은 무가공 성분으로 제조 진짜 사과로 제조 Clean  라벨 프로젝트   모든 제품 실험실 검사 완료   평가 및 인증 완료 소화와 체중 감량에 도움 1회 복용량은 액체 30ml 1oz 에 해당 병마다 사과 20개에 해당하는 양 함유 NSF 인증 유전자 변형 성분 무함유 식물성 보충제,체중 조절
입증된 Sinetrol  함유 고질적인 지방 저장 세포를 표적화하고 신진대사를 돕는 강력한 투인원 작용 보충제열 발생 촉진  지방 세포에 저장된 트라이글리세라이드의 연소를 촉진하고 전반적인 체내 지방의 감소를 유도합니다  지방 세포의 갈변 효과  지방 세포가 저장형 흰색 에서 대사적으로 활성화된 발열형 갈색 으로 변하도록 표현형 변화를 촉진하여 안정시 대사율을 높여줍니다 ,체중 조절
글루텐 무함유 하루 1정 유전자 변형 성분 무함유 LE 인증 체중 관리 포뮬라  보충제,체중 조절
새로운 포뮬러  퍼포먼스 시리즈 미국 판매 1위 체중감소 브랜드   카페인 무수 250 mg 그린 커피 생두  200 mg L 테아닌 100 mg 100 mg L 카르니틴  L 타타르산 우수한 산열성 Super Thermogenic   체중 감소  극강의 에너지  식이보충제,체중 조절
USDA 유기농 인증 유전자 변형 성분 무함유 프로젝트 인증 휴대용 건강식 단백질 20g 소화가 용이 라이브 프로바이오틱스 및 효소 코셔 비건 상품 글루텐 무함유 유제품 또는 대두 성분 무함유 QCS 유기농 인증 B  corp  인증 에너지 강화 순 근육 생성 포만감깨끗한 유기농 식물성 단백질 20g 44가지 슈퍼 푸드 함유 설탕 1g 미만 15억 생 프로바이오틱   효소 22가지 자연 식품 비타민 및 미네랄 유기농 섬유소 3g,체중 조절
체중 관리 순수한 무맛 발열 효과 케토 친화적 제품 스테로이드 무함유 비건 코셔 Informed Sport   Trusted by Sport 인증 보충제 Informed Choice   Trusted by Sport 인증 유전자 변형 성분 무함유 프로젝트 인증 우수 제조 및 품질 관리 기준 GMP  품질 보장,체중 조절
해독 작용 고효능 보충제 높은 효능의 체내 정화 및 식습관 보조 상품 건강한 체중에 도움 건강한 포도당 신진대사 증진 1969년부터 과학에 기반한 고품질 상품 제공,체중 조절
하루 1정 글루텐 무함유 유전자 변형 성분 무함유 LE 인증 스트레스에 대한 코티솔 반응의 균형 촉진 보충제일상적인 스트레스 요인에 건강한 생물학적 반응 촉진 스트레스 호르몬인 코티솔의 건강 수치 유지 염증 억제를 도와 건강한 스트레스 반응 촉진,체중 조절
유전자 변형 성분 무함유 글루텐 무함유 채식주의자에게 적합 코셔 할랄 Certified Organic by Organic Certifiers  Inc  Organic Certifiers  Inc  유기농 인증  비살균 인공 색소 또는 향료 없음 Where Health   Flavor Meet ,체중 조절
체중 관리 보충제 정신  신체  가정을 위한 전반적인 웰니스 증진 최고의 순도 및 효능 1969년부터 과학에 기반한 고품질 상품 제공,체중 조절
1912년 설립 사과 식초 ACV  혼합물 1 877mg  | 아세트산 750mg  보충제 코셔 유전자 변형 성분 무함유 프로젝트 인증 Bragg  ACV 함유 인공 색소 및 인공 향료 무함유 설탕 무함유 비건 글루텐 무함유건강한 체중 건강한 포도당 수치 건강한 콜레스테롤 수치 면역계 지원,체중 조절
쉬운 반죽 팔레오 비건 상품 완벽한 케토 상품 맛있는 마카다미아  코코넛  아몬드 버터 식물성 지방 무가당  케토 인증 증량제 및 팜오일 무함유 글루텐 무함유 인증 유전자 변형 성분 무함유 프로젝트 인증,체중 조절
신체 및 두뇌에 빠르게 연료를 공급 쉽게 혼합 가능 MCT 6g 프리바이오틱 및 프로바이오틱 보충제 BPA 무함유 B  corp  인증 QCS 유기농 인증지속 가능한 방식으로 생산한 코코넛 팜유 및 기타 충전용 오일 무함유 헥산 무함유비건 인증 케토 인증 Paleo 인증USDA 인증 유기농 유전자 변형 성분 무함유 프로젝트 인증 NSF 글루텐 무함유 인증,체중 조절
체중 관리 허브 보충제 건강한 체중 관리 증진 건강한 신진 대사 촉진 포만감 증가 1969년부터 과학에 기반한 고품질 상품 제공,체중 조절
매일 섭취하는 케톤 보충제 용기당 제공 횟수 10회 1회 제공량당 케톤 10g 보충제 현대 영양소를 통한 건강 관리 BPA 무함유 비건 소금  글루텐 무함유 인공 향료 무함유 인공 감미료 무함유 Avela 함유 최상의 품질로 건강을 위한 상품 Ketone IQ 로 에너지 보충과 기분 전환을 동시에지속적인 에너지 제공 맑은 정신 지구력 및 회복 체중 관리 대사 건강 장수,체중 조절
열량으로 사용할 지방 라우릴 산 전혀 없음 고 효능 MCTs 건강 보조 식품 ,체중 조절
항산화 작용 허브 보충제 활성산소를 중화하는 항산화제 폴리페놀 함유 건강한 에너지  활력 증진 및 두뇌 기능에 도움 1969년부터 과학에 기반한 고품질 상품 제공,체중 조절
,체중 조절
체중 관리 500mg 플러스 크로뮴 강력한 지방 흡수 작용 이미 정상 범위 내에 있는 콜레스테롤 수치 유지에 도움 유전자 변형 성분 무함유 보충제 전반적인 건강 증진 1968년 설립된 가족 기업 우수 제조 및 품질 관리 기준 GMP  품질 보증,체중 조절
천연 및 인공 향료 체중 감량 및 콜레스테롤 감소 측정할 수 있는 결과  15회 제공량 비타민   미네랄 24종 트랜스지방 0g 유당 무함유 글루텐 무함유 유전자 변형 성분 없는 대두1회 제공량 기준 130칼로리에 불과 건강하게 드시고 건강을 느껴 보십시오,체중 조절
,체중 조절
최고의 효능을 담은 3 000mg 기능성 식이섬유 지방 결합력 보충제 및 식단 계획 ,체중 조절
보충제 60  HCA 건강한 체중 조절 채식주의자 비건에게 적합 순도 및 효능 보장,체중 조절
미국 판매 1위 체중 감량 보조제 브랜드   1억 병 판매 체중 감량  99  카페인 무함유 탄수화물  단백질 및 지방 대사  애플 사이다 식초 필수 비타민 체중 감량   주요 성분   과학적 연구 건강 보조 식품 체중 감량   날씬한 몸매   상쾌한 기분,체중 조절
MCT 뇌와 신체의 연료 100  유기농 코코넛 커피 및 셰이크에 혼합 가능 비건 인증 유제품 및 글루텐 무함유 케토 인증 USDA 유기농 인증 유전자 변형 성분 무함유 프로젝트 인증 보충제 QAI 유기농 인증 Informed Choice   Trusted by Sport 인증 획득   We Test You Trust BPA 무함유,체중 조절
 진짜 계피  보충제 정상 혈당 유지 항산화제 인공 보존제 무함유 천연 원료 효능 및 품질 보증 미국 식품의약국 FDA  등록 시설에서 제조,체중 조절
체중 관리 순수   무맛 발열 효과 케토 친화적 보충제 Informed Sport Com   Trusted by Sport 인증 Informed Choice Org   Trusted by Sport 인증 스테로이드 무함유 비건 코셔 유전자 변형 성분 무함유 프로젝트 인증 GMP 품질 보증 헥산 무함유,체중 조절
보충제 채식주의자에게 적합,체중 조절
1926년 설립 식사 대용 및 체중 감량 측정할 수 있는 결과  천연 및 인공 향료 맛있는 대용식 1회 제공량당 단 140칼로리 건강하게 드시고 건강을 느껴 보십시오 15회 제공량 단백질 13g 24가지 비타민 및 미네랄 함유 트랜스 지방 0g 유당 무함유 글루텐 무함유 유전자 변형 성분  대두 무함유 순도 품질 보증,체중 조절
Science Based Nutrition  보충제 비건 정상 범위에 있는 건강한 혈당 수치를 유지하는 데 도움 유전자 변형 성분 무함유   글루텐 무함유   대두 무함유,체중 조절
천연 허브 당류 대사 증진에 도움 보충제 대두 무함유 Chromax Mason 보증   품질 검사 완료 우수 제조 및 품질 관리 기준 GMP  인증   Five Star Certified,체중 조절
아프리카 망고 체중 관리 캡슐당 400mg 허브 보충제 고유하고 영양이 풍부한 기적의 식품 체중 관리 목표에 도움 Full Spectrum  천연 씨 포뮬라 1969년부터 과학에 기반한 고품질 상품 제공,체중 조절
보충제 포도당 관리 시스템 채식주의자 비건에게 적합한 제품 순도   효능 보장,체중 조절
저탄수화물 식단에 훌륭함 원조 탄수화물 억제제 보충제 Trimplex  전분 억제제 탄수화물 식욕을 줄임 The Diet Company빵 설탕 곡물 전분 감자 파스타 쌀견과류 치즈 플레인 요거트 고도불포화베리 콩 저혈당 과일소고기 돼지고기 닭고기 생선 해산물 전분이 적은 채소 단일포화 지방 달걀,체중 조절
강화된 체중 감량 성분  운동 후 근육 강화 단백질 30g l 카르니틴   l 타르타르산염 500mg  로부스타 커피콩 C  canephora robusta  추출물 200mg  천연 및 인공 향료 보충제 생물공학식품 성분 함유,체중 조절
장 건강 증진 소화 기능 개선 지방 연소 및 체중 감량 복부 팽만감 완화 300억 활성 배양균 프로바이오틱 균주 7종 보충제 UNLEASH YOUR POTENTIAL ,체중 조절
체중 관리 종합 포뮬라 보충제 건강한 체중 관리 증진 건강한 신진 대사 촉진 포만감 증진 순근육 발달 촉진 1969년부터 과학에 기반한 고품질 상품 제공,체중 조절
물 추출 폴리페놀 50  카테킨 30   항산화 지원 보충제 비건 베지 캡슐 NSF 유전자 변형 성분 무함유 인증 채식주의자 비건에게 적합,체중 조절
열 발생 촉진 녹차 추출물 700mg  EGCG 350mg 에너지 소비 촉진 활성산소 제거제 유전자 변형 성분 무함유 보충제 채식주의자 및 비건 1968년 설립된 가족 기업 우수 제조 및 품질 관리 기준 GMP  품질 보증,체중 조절
California Gold Nutrition CLA  공액리놀레산  1 000mg 잇꽃 오일에서 추출한 Clarinol  공액리놀레산 함유 전반적인 체중 관리 프로그램 지원  채식주의자와 비건에게 적합 글루텐  유전자 변형 성분  대두 무함유 cGMP 인증 시설에서 생산 100  골드 개런티 Gold Guarantee ,체중 조절
USDA 유기농 인증 유전자 변형 성분 무함유 프로젝트 인증 프리바이오틱  초모 가 함유된 유기농 및 무가공 식품 8샷 함유 Vermont Organic Farmers LLC 인증 유기농 상품 글루텐 무함유,체중 조절
폴리페놀 98  유전자 변형 성분 무함유 LE 인증 하루 한 알 농축 폴리페놀 추출물 보충제세포  심혈관   인지 건강을 지원하는 강력한 EGCG를 325mg 넘게 공급 이미 정상 범위 내에 있는 콜레스테롤 수준을 유지하는 데 도움 건강한 세포 증식   대사 기능 촉진,체중 조절
USDA 유기농 인증 유전자 변형 성분 무함유 프로젝트 인증 휴대용 건강식 단백질 20g 소화가 용이 라이브 프로바이오틱스 및 효소 코셔 비건 상품 글루텐 무함유 유제품 또는 대두 성분 무함유 B  corp  인증 QCS 인증 유기농 에너지 강화 순 근육 생성 포만감깨끗한 유기농 식물성 단백질 20g 44가지 슈퍼 푸드 함유 설탕 1g 미만 15억 생 프로바이오틱   효소 21가지 자연 식품 비타민 및 미네랄 유기농 섬유소 2g,체중 조절
USDA 유기농 인증  마더 가 함유된 유기농 및 무가공 프리바이오틱 8샷 함유 유전자 변형 성분 무함유 프로젝트 인증 글루텐 무함유 Vermont Organic Farmers LLC 인증 유기농 상품,체중 조절
글루텐 무함유 유전자 변형 성분 무함유 LE 인증 체중  엉덩이 치수  허리 치수 케어  보충제,체중 조절
클로로겐산의 편리한 공급원 유전자 변형 성분 무함유 LE 인증 보충제식사 후 건강한 상태의 포도당 수치 유지에 도움 최적의 포도당 수치를 지원하기 위해 클로로겐산 50 로 표준화 건강한 혈당 대사를 증진하기 위해 효소 활성을 억제 보다 많은 페놀 함량을 위해 그린 커피콩으로 생산,체중 조절
비건 글루텐 무함유 자극제 무함유 지방 연소제 보충제 GMP 등록 시설에서 제조체중 관리 신진대사 식욕 증진 항산화 수치 체성분 에너지 수치,체중 조절
건강한 포도당 대사 활성산소 제거제 이미 정상적인 범위에 있는 혈당 수준을 지원합니다  유전자 변형 성분 무함유 프로젝트 인증 보충제 채식주의자 비건 제품 코셔 식물성 허브 1968년에 설립된 가족 기업 우수 제조 및 품질 관리 기준 GMP  품질 보증,체중 조절
중쇄중성지방 코코넛오일에서 추출 보충제 유전자 변형 없는 성분으로 제조 글루텐 무함유 우수 제조 및 품질 관리 기준 GMP  인증 제3 기관 검사 완료 인증C8 및 C10 지방산 함유 IGEN  유전자 변형 성분 무함유 검사 완료 코코넛오일에서 추출,체중 조절
보충제 500mg 크로뮴 250mcg 함유  소화 및 체중 감량에 도움  초모 로 발효 칼로리 제로 채식주의자 비건에게 적합,체중 조절
America s  1 Selling Weight Loss Supplement Brand   0 Sugar 0 Calories Natural Flavors 2x The Weight Loss  Meta Energy  Key Electrolytes Paraxanthine A Metabolite of Caffeine Dietary Supplement Performance Formula Hair   Skin Support ,체중 조절
1967년 설립 에너지 대사를 지원할 수 있음 보충제 Mason 보증 품질 검사 완료 cGMP 인증   우수 제조 및 품질 관리 기준 인증,체중 조절
1969년 설립 100  효능 증량용 오일 무함유 중쇄중성지방 제공량당 3g  보충제 글루텐 무함유 비스페놀A 무함유100  중쇄중성지방   1회 제공량당 중쇄중성지방 3g  빠르게 소화되어 뇌와 몸을 위한 에너지로 전환  쉽게 포만감을 느낄 수 있음  프리미엄 코코넛 추출물만 사용   팜오일 및 기타 충전제 오일 무함유  무맛  무향  헥산 무함유  편리한 소프트젤 형태의 중쇄중성지방 ,체중 조절
심혈관계 건강 캡슐당 400mg 허브 보충제 심혈관계 건강 증진 Full Spectrum 천연 뿌리 포뮬라 1969년부터 과학에 기반한 고품질 상품 제공,체중 조절
1967년 설립 피콜린산크로뮴  5 HTP  발열 허브 성분 함유 보충제 Mason 보증   품질 검사 완료 우수 제조 및 품질 관리 기준 GMP  인증,체중 조절
액상 포뮬라 신진대사 지구력 및 회복력 항산화 지원 천연 향료 제3기관 검사 완료 총 31회 제공량 품질 보장 보충제,체중 조절
미국 판매 1위 체중 감량 보충제 브랜드   강력한 체중 감량 효과  신진대사 및 에너지 촉진  모발  피부와 손발톱 건강 지원 철분   엽산 함유 과학적으로 연구된 체중 감량 핵심 성분 보충제 여성을 위한 포뮬라  과학   품질   순도,체중 조절
수분 균형을 지원합니다 덜 붇고 부푼 느낌 전해질 및 필수 미네랄을 보충합니다 건강 보조 식품 보존제 무 첨가,체중 조절
수분 균형을 지원합니다 덜 붇고 부푼 느낌 전해질 및 필수 미네랄을 보충합니다 건강 보조 식품 보존제 무 첨가,체중 조절
USDA 유기농 인증 유전자 변형 성분 무함유 프로젝트 인증 신체 및 두뇌에 빠르게 연료를 공급 중쇄중성지방   13g 보충제 MK 파르브 비건 인증 글루텐 무함유 인증 BPA 무함유 B  corp  인증 QCS 유기농 인증1회 제공량당 MCT 13g 카프릴산 및 카프릭산 포함  지속 가능한 방식으로 재배된 유기농코코넛추출물만 사용 팜유 및 기타 충전용 오일 무함유 헥산 무함유 비하이드로제네이티드  트랜스 지방 무함유 팔레오 인증 및 케토 식단 친화적,체중 조절
USDA 유기농 유전자 변형 성분 무함유 프로젝트 인증 무가공 천연 바닐라 건강한 이동식   단백질 20g 쉬운 소화   생 프로바이오틱스   설탕 무함유 코셔 비건 유제품 또는 대두 성분 없이 제조 B corp  인증 QCS 유기농 인증 Informed Choice org Trusted by sport 인증 NSF 글루텐 무함유 인증 에너지 증진   순근육 조성   포만감 유지깨끗한 유기농 식물성 단백질 20g 44종의 슈퍼푸드 첨가 설탕 1g 미만 15억 생 프로바이오틱스   효소 21종의 유기농 식품 비타민   미네랄 유기농 섬유질 7g,체중 조절
세포 기능 지원 매일 1회 보충제 유전자 변형 성분 무함유 LE 인증건강한 세포 신호 전달   기능을 지원 세포 신호 전달에 반드시 필요한 효소를 활성화 심혈관계 건강 증진 건강한 지방 대사 촉진 건강한 피부 세포 분열 촉진,체중 조절
에너지와 신진대사 의약품 등급 보충제 몸과 마음에 활력을 주는 영양 공급 신체 운동 능력 향상에 도움 코코넛오일로만 제조 1969년부터 과학에 기반한 고품질 상품 제공,체중 조절
Left Coast Performance 프리바이오틱 아카시아 섬유소 함유 보충제 유전자 변형 성분 무함유 목초 사육,체중 조절
USDA 유기농 인증 애플 사이다 식초 500mg 보충제 비건 인증 코셔 CCOF 유기농 인증,체중 조절
밸류 사이즈  Super Citrus Lipo Burner 저장된 지방 분해 지원 자몽  스위트오렌지  블러드오렌지 및 Sinetrol  함유 보충제 NSF 성분 인증,체중 조절
혈당 건강 증진 실론 시나몬 함유 허브 보충제 혈당 대사 및 심혈관 건강 지원 신진대사 증진 정상 범위에 있는 혈당 수치 유지에 도움 1969년부터 과학에 기반한 고품질 상품 제공,체중 조절
울트라 클린 에너지 및 인지 기능 향상 Enfinity 의 효능 30일분 보충제 열을 발생시키는 Axivite   탄수화물 및 지방 대사  체중 감량 효과 2배  에너지 집중력에너지 최적화 인지 기능 향상 집중력 지속,체중 조절
아미노산   에너지   체중 감량 언제나 맛있는 에너지  설탕 무함유 케토 승인 지방 감소 촉진 에너지 증진 땅콩 무함유 글루텐 무함유 천연 색소 l 카르니틴  l 타르타르산염 1g   타우린 1g   코코넛워터 250mg   천연 및 인공 색소 보충제 수크랄로오스로 단맛 첨가,체중 조절
보충제 1회 제공량당 500mg Nutricost  품질 보장 제3기관 검사 완료 유전자 변형 성분 무함유 글루텐 무함유 식물성 상품 GMP 인증 시설,체중 조절
카프릴산 및 카프릭산 뇌와 신체의 연료 100  유기농 코코넛 커피 및 셰이크에 혼합 가능 유제품 및 글루텐 무함유 케토 USDA 유기농 인증 유전자 변형 성분 무함유 프로젝트 인증 보충제 비건 인증 QAI 유기농 인증 BPA 무함유 케토 인증 제품 Paleo 인증,체중 조절
기분과 집중력을 향상시킵니다 건강 보조 식품 임상 실험을 마친 성분 사프론은 기분을 좋게 합니다 아쉬와간다는 스트레스 효과를 줄여줍니다 로디올라는 정신 기능을 향상시킵니다,체중 조절
Health   Nature   Life 자극제 무함유 순수 강낭콩 추출물 캡슐당 추출물 500mg 건강 보조 식품,체중 조절
손쉬운 칼로리 연소 능력 증대 빠르게 작용하는 액상 소프트젤 최고의 효과 Triple Fat Burner  보충제백차 홍차 녹차칼로리 연소량 증가 열 발생   지방 연소 촉발 지방 산화   강력한 항산화제 보호 지방 연소   1회 제공량당 300mcg EGCG 에너지 증진  비타민B군 항산화 작용  비타민 C  E,체중 조절
식욕 억제 모든 체중 관리 프로그램에 적합 혈당 지수가 낮아 이미 정상 범위에 있는 혈당 수치를 건강하게 유지 보충제 순도 및 효능 보장 채식주의자 비건에게 적합,체중 조절
체중 관리 허브 보충제 건강한 체중 촉진 건강한 신진 대사 촉진 건강한 세라토닌 및 코티솔 수치 유지 관리 1969년부터 과학에 기반한 고품질 상품 제공,체중 조절
미국 판매 1위 체중 감량 보조제 브랜드   탄수화물  단백질 및 지방 대사  화상 칼로리 3 에너지 증가 4 설탕 무함유 체중감량 과학적 연구 핵심성분 1 각성제 규모   135mg 카페인 보충제 천연 인공 향료,체중 조절
미국 판매 1위 체중 감량 보조제 브랜드   탄수화물  단백질 및 지방 대사  화상 칼로리 3 에너지 증가 4 설탕 무함유 체중감량 과학적 연구 핵심성분 1 각성제 규모   135mg 카페인 보충제 천연 인공 향료,체중 조절
건강한 지방 감소 촉진  기타 천연 향료 함유 무가탕 글루텐 무함유 유전자 변형 성분 무함유 LE 인증 보충제 식물성식단과 운동을 병행할 경우 지방 및 체중 감량 촉진 내장 및 피하 지방 감소에 도움 임상 전 연구에서 복부 지방을 50  가까이 감량하도록 유도,체중 조절
혈당 건강 증진 캡슐당 375mg 허브 보충제 심혈관계 건강 및 혈당 대사에 도움 신진대사 증진 혈당 수치 관리 1969년부터 과학에 기반한 고품질 상품 제공,체중 조절
1994년 설립 허브 보충제 실론 유기농 계피로 제조 유전자 변형 성분 무함유 인증 성분  글루텐 무함유 Oregon Tilth 유기농 인증 OTCO ,체중 조절
향상된 발열 포뮬라 ForsLean  포스콜리 Coleus Forskohlii  함유 건강한 지방 대사 촉진 Carnipure 보충제 채식주의자 비건에게 적합 유전자 변형 성분 무함유 코셔 식물성 허브 1968년 설립된 가족 기업 우수 제조 및 품질 관리 기준 GMP  품질 보증,체중 조절
USDA 유기농 인증 유전자 변형 성분 무함유 프로젝트 인증 건강한 이동식   단백질 20g 쉬운 소화   생 프로바이오틱   첨가당 무함유 코셔 비건 제품 유제품 또는 대두 성분 없이 제조 B  corp  인증 QCS 유기농 인증 Informed Choice org Trusted by sport 인증 획득 NSF 글루텐 무함유 인증 에너지 증진   순근육 조성   포만감 유지깨끗한 유기농 식물성 단백질 20g 44종의 슈퍼 푸드 첨가 설탕 1g 미만 15억 마리의 살아 있는 프로바이오틱   효소 22종의 천연 식품 비타민 및 미네랄 유기농 섬유소 3g,체중 조절
비타민 글루텐 무함유 유전자 변형 성분 무함유 보충제 1회 제공량당 1 200mg 비건에게 적합 DNA 검사 완료 식물 성분 인증된 정품 Tru ID  식물성 포뮬라,체중 조절
체액 균형 허브 보충제 정신  신체  가정을 위한 전반적인 웰니스 증진 최고의 순도 및 효능 1969년부터 과학에 기반한 고품질 상품 제공,체중 조절
단백질 20g 44종의 슈퍼 푸드 첨가 USDA 유기농 인증 유전자 변형 성분 무함유 프로젝트 인증 Informed Choice Org Trusted by Sport 인증 NSF 글루텐 무함유 인증 가벼운 감미   스테비아 무함유 유기농 셰이크 및 대용식 휴대용 건강식 소화가 쉬움 살아 있는 프로바이오틱스 및 효소 코셔 비건 유제품 또는 대두 성분 없이 제조 28회 제공량 QCS 유기농 인증 에너지 강화 탄탄한 근육 생성 포만감깨끗한 유기농 식물성 단백질 20g 44종의 슈퍼 푸드 첨가 스테비아 무함유 살아 있는 프로바이오틱 15억 및 효소 21종의 유기농 식품 비타민 및 미네랄 유기농 섬유소 2g,체중 조절
순도 및 효능 검사 완료 지방 감소에 도움 순근육 증가 지방 산화 개선 보충제 GMP 준수 시설에서 생산,체중 조절
발열 지방 연소 에너지 및 정신 집중 신진대사 증진 식욕 증진 강력한 지방 연소제 글루텐 무함유 보충제 GMP 등록 시설에서 제조체중 관리 식욕 억제 글루텐 무함유 식단 에너지 집중력 신진대사,체중 조절
100  코코넛오일 원료 중쇄중성지방 카프릴산   카프릭산 C8   C10 빠른 연료 두뇌 활동에 필요한 에너지 신진대사에 필요한 연료 케토 친화 제품 보충제 채식주의자 비건에게 적합 코셔두뇌를 위한 빠른 에너지 공급 근육을 위한 빠른 신진대사 연료 공급 저탄수화물 케토 식단 지원무향 100  순수 코코넛오일로 제조,체중 조절
체중 관리 탄수화물 조절에 도움 지방 대사 촉진 흰강낭콩 추출물 채식주의자에게 적합 보충제,체중 조절
신진대사 보충제건강한 신진대사 지원 갑상선 건강 증진 에너지 강화,체중 조절
의사가 승인한 포뮬라 냉장 보관 불필요 전문가 등급 애플 사이다 식초 및 녹차 함유 체중 관리에 도움 100  천연 성분 프리바이오틱 150억CFU 보충제 유전자 변형 성분 무함유 글루텐 무함유 cGMP 우수 제조 및 품질 관리 기준 프로바이오틱이 장에 도달할 때까지 보호해 주는 내산성 캡슐 특허 받은 상온 보관 CSP  용기를 사용해 프로바이오틱 생존률을 향상 품질 검사 완료   제3 기관 인증을 받은 효능 및 순도 엑스트라 스트렝스 프로바이오틱 함유소화  배출 건강에 도움 임상 시험 완료된 Greenselect  함유 자연적인 지방 연소를 촉진하는 Capsimax  디톡스 및 정화를 돕기 위해 제조된 상품,체중 조절
빠른 에너지 베이킹 요리에 적합 크림같이 부드러운 셰이크 말토덱스트린 불포함,체중 조절
체중 관리 키토산 및 흰강낭콩 함유 보충제 식이 탄수화물 및 지방이 미치는 영향 최소화 키토산 및 Phase 2 전분 차단제 함유 1969년부터 과학에 기반한 고품질 상품 제공,체중 조절
25년 이상 지켜 온 프리미엄 품질 사프란 액티브 홀 스펙트럼 추출물 비건 유전자 변형 성분 무함유 글루텐 무함유 보충제 GMP 인증 및 미국 식품의약국 등록 Enhancing Nature s Miracles Since 1994,체중 조절
보충제 심장 혈관 건강 지원 신진대사 촉진 글루텐 무함유,체중 조절
진정한 계피 친환경 포장 USDA 유기농 인증 유전자 변형 성분 무함유 프로젝트 인증 비건 인증 글루텐 무함유 EcoCert SA 유기농 인증,체중 조절
프리바이오틱 슈퍼 푸드와 초모 함유 훌륭한 맛 천연 향료 보충제소화 기능 촉진 체중 관리 활력 면역 건강 혈당인공 색소 무함유 인공 향료 무함유 젤라틴 무함유 인공 감미료 무함유 보존제 무함유,체중 조절
천연 클렌저 소화 기능 촉진 보충제 각성제 없는 체중 관리정상적인 소화 몸 속 정화 체중 조절 글루텐 무함유 비건,체중 조절
가장 신뢰할 수 있는 프로바이오틱 브랜드  카페인   자극제 무함유 장내 Microbiome과 자연적으로 협력하여 안전하게 체중을 관리 지방  탄수화물   단백질 대사 촉진 하루 1회 프로바이오틱 보충제 임상적으로 검증된 균주 2종 젤라틴 무함유 인공 염료 무함유 무설탕  비건 친화적 유전자 변형 성분 무함유 천연 원료 LGG  전 세계 가장 많은 임상 연구를 거친 균주  순도   효능 보장    유제품  글루텐  대두 무함유 The Culturelle  Difference 안전한 체중 관리를 위해 건강한 신진대사 촉진   에너지 생성 지원 건강한 라이프 스타일에 기여,체중 조절
체중 관리 흰강낭콩 추출물 성분 보충제,체중 조절
청정 활성 영양소 필수 아미노산 5g 체중 관리 정신 집중 천연   인공 향료 제로 칼로리 설탕 무함유 제3 기관 검사 완료 보충제 CarnoSyn  카르노신 합성제 InnovaTea ,체중 조절
비타민 100  품질 만족 보장 글루텐 무함유 유전자 변형 성분 무함유 보충제 전통적인 허브 보충제,체중 조절
체중 관리 식물성 보충제 정신  신체  가정을 위한 전반적인 웰니스 증진 최고의 순도 및 효능 1969년부터 과학에 기반한 고품질 상품 제공 식물성,체중 조절
1978년 설립 신진대사 강화 허브 24종 유전자 변형 성분 무함유 제품 글루텐 무함유 채식주의자에게 적합 제3자 테스트 완료 건강 보조 식품 지방 감량 촉진 에너지 증진   식욕 감퇴 녹차 및 가르시니아,체중 조절
,체중 조절
에너지와 신진대사 의약품 등급 보충제 몸과 마음에 활력을 주는 영양 공급 신체 운동 능력 향상에 도움 코코넛오일로만 제조 1969년부터 과학에 기반한 고품질 상품 제공,체중 조절
Left Coast Performance 프리바이오틱 아카시아 섬유소 함유 보충제 유전자 변형 성분 무함유 목초 사육,체중 조절
USDA 유기농 인증 애플 사이다 식초 500mg 보충제 비건 인증 코셔 CCOF 유기농 인증,체중 조절
보충제 비건 친화적 상품,체중 조절
항산화 효과 폴리페놀 60  허브 보충제 정신  신체  가정을 위한 전반적인 웰니스 증진 최고의 순도 및 효능 1969년부터 과학에 기반한 고품질 상품 제공,체중 조절
어드밴스드 포뮬라 천연 이뇨제 수분 배출 및 복부 팽만감 완화 보충제 향상된 천연 이뇨제 포뮬라 당일 수분 배출 효과 복부 팽만감을 완화하고 날씬한 복부 완성 건강한 체액 균형을 위한 주요 전해질 함유 안전하고 강력한 효과 남녀 공용,체중 조절
과학   혁신   품질   효과 공액리놀레산 천연 잇꽃 오일에서 추출 95  활성 공액리놀레산 이성질체 순도 및 효능 검사 완료 품질 보증 보충제 의약품 등급 모든 생산 단위에 대해 품질 검사 완료 우수 제조 및 품질 관리 기준 cGMP  등록 시설 글루텐 무함유 검사 완료,체중 조절
미국 판매 1위 보충제 기업에서 제공  최고 발열 효과의 강력한 에너지 및 집중력 체중 감량 효과 두 배  로부스타 커피콩 C  canephora robusta  200mg Zynamite  100mg 알파 리놀렌산 200mg 그레인즈 오브 파라다이스 20mg 보충제,체중 조절
식물성 원료 99mg 칼륨 파슬리  호스테일  우바우르시 건강 보조 식품 및 다이어트 계획,체중 조절
1947년 설립 공액리놀레산 유전자 변형 성분 무함유 글루텐  밀  유제품 무함유 보충제,체중 조절
1회 제공량당 중쇄중성지방 6g 두뇌에 에너지 공급 활기 충전 일상생활에 에너지 충전 코셔 유제품 보충제 USDA 유기농 인증 유전자 변형 성분 무함유 프로젝트 인증 케토 인증 Whole30 Approved  글루텐 무함유 비건 BPA 무함유 유기농 인증 기관  QAI아침에 뇌를 깨우고 에너지 공급 운동 전 활력 충전 하루를 위한 연료를 공급하고 식욕 억제,체중 조절
식물성 성분 보충제 대두 무함유 글루텐 무함유 유제품 무함유 비건 눈에 띄는 셀룰라이트 완화  매끄러운 피부 체중 관리 부드럽게 코셔 100  비건,체중 조절
2 145mg ACV 혼합물  아세트산 750mg  비교 대상  Bragg  사과 식초 보충제 글루텐 무함유 유전자 변형 성분 무함유 설탕  효모  보존제  인공 향료  색소 무함유 비건에게 적합 품질 보장 품질 검사 완료 30년 이상 지켜 온 신뢰할 수 있는 품질,체중 조절
효과적인 디톡스 및 클렌징으로 체중 감량 촉진 천연 사과 향료 보충제 신진대사 증진 및 체중 감량 효능 유기농 비건 우수 제조 및 품질 관리 기준 GMP  유전자 변형 성분 무함유,체중 조절
혈당 건강 증진 Chromax  피콜린산크로뮴 함유 보충제 심혈관계 건강 및 혈당 대사에 도움 신진대사 증진 정상적인 범위의 혈당 수치 유지에 도움 1969년부터 과학에 기반한 고품질 상품 제공,체중 조절
소화 건강을 증진하는  초모  함유 사과 식초   기타 천연 향료 자연 첨가 보충제 유제품 무함유 글루텐 무함유장 건강에 도움  초모 가 함유된 사과 식초 면역계 건강 증진 소화에 도움 일일 에너지 향상 비타민B12 하루 영양소 기준치 100 ,체중 조절
중쇄중성지방 뇌와 신체의 연료 유기농 코코넛에서 추출 보충제 QAI 인증 유기농 품질 중시 USDA 유기농 인증 유전자 변형 성분 무함유 프로젝트 인증 Certified Vegan 비건 인증  케토 인증을 받은 제품입니다  Paleo 인증,체중 조절
1965년 설립 이후 품질 유지 오메가 3 1 400mg   MCT 9 200mg 9 2g  Igen Non GMO Tested Igen 유전자 변형 성분 무함유 검사 완료  신선도와 효능 순도 보장 건강 보조 식품 에너지 생성 지방 신진대사 두뇌 건강 글루텐 무함유 인공 보존제 무함유,체중 조절
메틸코발라민을 지금 복용하십시오  고단백 에너지 식사  글루텐 무함유 Tri Part Protein 섞기 쉽고 맛도 좋습니다 완전한 광범위 스펙트럼 스피룰리나를 함유한 단백질 복합체 심장에 좋은 음식 코셔 파르브 인증 유전자 변형 성분 무함유 천연 대두 채식주의자에게 적합 효모 미함유 제품우수한 3중 단백질 혼합물  쌀  완두콩  대두 모든 비타민의 하루 영양소 기준치 100  충족 광범위한 필수 미네랄 성분 에너지 영양소  고품질 3중 단백질 다이어트 보조  레시틴  스피룰리나  콜린  이노시톨 효소  브로멜라인 및 파파야 세정  엽록소 섬유소  셀룰로오스 및 사과 펙틴,체중 조절
운동 능력 기술 체중 증가 알약  식욕 자극 호르몬 그렐린 증가 소화 및 영양소 흡수 촉진 음식의 동화 및 에르고제닉 효과 최적화 총 음식 섭취량 및 칼로리 증가 보충제,체중 조절
젤라틴 무함유 천연 향료 해독 소화 장수 초모 함유 보충제 USDA 유기농 인증 비건 상품 품질 검사 완료 글루텐 무함유 Greatness by Nature  소화기 클렌징 및 장 건강을 위한 발열 포뮬라 QAI 유기농 인증 뛰어난 맛,체중 조절
초모 함유  1팩당 1 000mg 탁월한 맛  천연 향료 분말 보충제 글루텐 무함유 비건 인증 cGMP 인증 미국 1위 미량 미네랄 브랜드  제3기관 검사 완료 순도   품질   효능 확실히 느껴지는 변화 보장 신맛이 없는 깔끔한 맛 간편함  뛰어난 맛  좋은 냄새 치아 법랑질에 안전 좋은 맛과 냄새 간편한 섭취 편리한 휴대,체중 조절
건강 보조 식품 아유르베다 허브 25  프레그난 글루코사이드 Green Screened,체중 조절
단백질 35g 이동 중에도 맛있게 즐길 수 있는 셰이크 식이섬유  EFA  비타민  미네랄 함유 인공 향료 또는 색소 무함유 글루텐 무함유 기타 천연향료를 첨가한 자연스러운 맛 비타민   미네랄 22종 건강한 소화 대두 단백질 무함유 Lee Labrada 품질 보증,체중 조절
25년 이상 지켜 온 프리미엄 품질 아유르베다 강장제 액티브 홀 스펙트럼 추출물 비건 유전자 변형 무함유 성분으로 제조 글루텐 무함유 보충제 우수 제조 및 품질 관리 기준 GMP  품질 보증   FDA 등록 Enhancing Nature s Miracles Since 1994,체중 조절
체중 관리 순근육량 증진 근육량을 효과적으로 유지 잇꽃 오일 보충제 Tonalin 순근육량 증진 근육량을 효과적으로 유지 지방 대사 촉진 각성제 무함유,체중 조절
America s  1 Fastest Growing Supplement Brand  Supports A Ketogenic Diet From 100  Coconuts Sustained Energy  Clean Fat For Fuel Blends with Coffees  Teas   Shakes Flavorless Odorless Dietary Supplement This Product is Keto Certified Certified Paleo Non GMO Gluten Free Vegan Friendly,체중 조절
1967년 설립 건강한 체중 관리에 도움 보충제 글루텐 무함유 대두 무함유 Chromax  피콜린산크로뮴  Advantra Z  Mason 보증   품질 검사 완료 우수 제조 및 품질 관리 기준 GMP  인증,체중 조절
소화 건강 디톡스   클렌즈 신진대사 증진 보충제 GMP 준수 시설에서 제조 미국 식품의약국 검사 완료 시설 제3 기관 검사 완료,체중 조절
1972년 설립 식물성 에너지 공급원 녹차 잎 2 000mg으로 제조 글루텐 무함유 유전자 변형 성분 미함유 프로젝트 인증 허브 보조제 Kosher Parve 코셔 파르브 인증  바이오킬레이트화 저온 추출 공법,체중 조절
400mg LipoShield  함유 허브 추출물  지방 친화 및 효소 Phase 2  전분 중화제 함유 글루텐 무함유 채식주의자 섭취 가능 보충제 ChromeMate  ForsLean ,체중 조절
체중 감량 지원 보충제 각성제 무함유 지방 연소 보충제 1회 제공량당 알약 하나로 충분 신진대사 활성 증진 100  카페인 무함유 30일분 Carnipure  Paradoxine  BioPerine ,체중 조절
와  훌륭한 맛  지방 및 칼로리 연소 활력 신진대사 식욕 억제 집중력 지구력 천연 향료 보충제인공 색소 무함유 인공 향료 무함유 젤라틴 무함유 보존제 무함유,체중 조절
적정 체중 유지에 도움  보충제 유전자 변형 성분 무함유 LE 인증 글루텐 무함유건강한 체성분 촉진 건강한 면역계 기능 지원 간에서 일어나는 지방산 산화 촉진 지방 분해 촉진,체중 조절
1930년 설립 유전자 변형 성분 무함유 프로젝트 인증 USDA 유기농 인증 허브 보충제 1개월분 글루텐 무함유 비건에게 적합 우수 제조 및 품질 관리 기준 cGMP  85년 넘게 이어온 가족 기업 Control Union Certifications 유기농 인증,체중 조절
보충제 신진대사 글루텐 무함유,체중 조절
California Gold Nutrition 사과 식초 유기농 사과 식초 분말 소화 및 대사 건강 증진  무함유 성분  글루텐  유전자 변형 성분  대두 cGMP 인증 시설에서 제조 100  골드 개런티 Gold Guarantee ,체중 조절
보충제 식욕 감소 이미 정상 범위에 있는 건강한 혈당 수치 지원 혈당 수치 감소 글루텐 무함유 1회 제공량당 PGX  5g 채식주의자 비건에 적합 순도 및 효능 보장,체중 조절
보충제 순도 및 효능 보장식욕 감소 혈당 균형 촉진 식욕 억제 설탕 및 탄수화물에 대한 욕구 감소 맛과 포만감 EnviroSimplex  기술로 가공풍부한 단백질 낮은 혈당 지수 인공 감미료 및 향료 무함유 글루텐 무함유 설탕 및 탄수화물에 대한 욕구 감소 건강한 체중 감량을 촉진하는 최적의 영양소 혼합물 제공 건강한 식단 및 주기적인 운동과 병행 시 ,체중 조절
백차 녹차 홍차 보충제칼로리 연소 EGCG와 카페인은 실제로 체내에서 지방을  녹이는  것은 아니지만  새로운 연구에 따르면 열발생 증가과 지방 연소 지방 산화 를 촉진하는 것으로 나타났습니다  에너지 증진   비타민B군은 체내에서 에너지 생성을 촉진합니다  추가로 녹차 추출물이 지방 산화를 돕고 에너지 소모를 늘립니다  활성산소 억제   비타민C 및 E와 함께 3종 차 혼합물은 체내 세포를 보호하는 강력한 항산화 특성을 가지고 있습니다 ,체중 조절
지방 감량 식단 포뮬라 보충제 섭취하는 음식에서 지방을 흡수하도록 설계 The Diet Company ,체중 조절
단백질 35g 이동 중에도 맛있게 즐길 수 있는 셰이크 식이섬유  EFA  비타민  미네랄 함유 인공 향료 또는 색소 무함유 글루텐 무함유 기타 천연향료를 첨가한 자연스러운 맛 비타민   미네랄 22종 건강한 소화 대두 단백질 무함유 Lee Labrada 품질 보증,체중 조절
100  천연 향료 보충제 GMP 인증 시설에서 생산 인공 향료 무함유 인공 식품 염료 색소 무함유 아스파탐 아세설팜칼륨 무함유 신체의 잠재력 강화 2012년부터 업계 최고의 자리를 지켜온 상품 전 세계 300만 명이 넘는 사람들이 신뢰하는 상품,체중 조절
1926년 설립 대두 단백질 혼합 포뮬라 1회 제공량당 150칼로리 천연 향료 및 감미료 순도 품질 보증단백질 13g 24가지 비타민 및 미네랄 함유 트랜스 지방 0g 유당 무함유 글루텐 무함유 유전자 변형 대두 무함유살코기 1개 채소 1개 전분 식품 1개,체중 조절
자극제 무함유  가르시니아  지방 감량  칼라루마  식욕 억제 GreenSelect   체중 관리에 도움  보충제 보존제 무함유,체중 조절
글루텐 무함유 유전자 변형 성분 무함유 LE 인증 칼로리 연소 촉진 보충제발열 작용을 촉진하여 건강한 체중 관리 지원 건강한 지방 연소를 통해 에너지 소비 촉진 호로파 섬유소가 함유되어 있어 소화를 도움 저칼로리 다이어트에 적합,체중 조절
카페인 무함유 표준화 허브 보충제,체중 조절
100  유전자 변형 성분 무함유 코코넛 보충제 신속한 청정 에너지원 몸과 마음을 위한 제품 신진대사 증진 정신 능력 강화 장 건강 쉽게 혼합 가능 유전자 변형 성분 무함유 성분으로 제조 첨가제 무함유 비건에게 적합 커피 셰이크 스무디 요리,체중 조절
1972년 설립 폴리페놀  카테킨 및 EGCG로 표준화 1회 제공량당 녹차 100mg Discover Nature s Answer  글루텐 무함유 허브 보충제 코셔 파르브 인증 Bio Chelated  저온 추출 공법 보존제 100  무함유,체중 조절
1회 제공당 100mg 의사가 제조한 포뮬라 보충제,체중 조절
 초모 가 함유된 사과 식초 병마다 사과 12개에 해당하는 양 함유 1회 제공량당 AVC 710mg 소화 및 체중 감량에 도움 보충제 유전자 변형 성분 무함유  글루텐 무함유 계란 무함유 유제품 무함유 대두 무함유 젤라틴 무함유 인공 향료 및 색소 무함유,체중 조절
,체중 조절
식물성 원료 99mg 칼륨 파슬리  호스테일  우바우르시 건강 보조 식품 및 다이어트 계획,체중 조절
,체중 조절
보충제 채식주의자에게 적합,체중 조절
Science Based Nutrition  보충제 비건 정상 범위에 있는 건강한 혈당 수치를 유지하는 데 도움 유전자 변형 성분 무함유   글루텐 무함유   대두 무함유,체중 조절
아프리카 망고 체중 관리 캡슐당 400mg 허브 보충제 고유하고 영양이 풍부한 기적의 식품 체중 관리 목표에 도움 Full Spectrum  천연 씨 포뮬라 1969년부터 과학에 기반한 고품질 상품 제공,체중 조절
천연 허브 당류 대사 증진에 도움 보충제 대두 무함유 Chromax Mason 보증   품질 검사 완료 우수 제조 및 품질 관리 기준 GMP  인증   Five Star Certified,체중 조절
강화된 체중 감량 성분  운동 후 근육 강화 단백질 30g l 카르니틴   l 타르타르산염 500mg  로부스타 커피콩 C  canephora robusta  추출물 200mg  천연 및 인공 향료 보충제 생물공학식품 성분 함유,체중 조절
보충제 포도당 관리 시스템 채식주의자 비건에게 적합한 제품 순도   효능 보장,체중 조절
저탄수화물 식단에 훌륭함 원조 탄수화물 억제제 보충제 Trimplex  전분 억제제 탄수화물 식욕을 줄임 The Diet Company빵 설탕 곡물 전분 감자 파스타 쌀견과류 치즈 플레인 요거트 고도불포화베리 콩 저혈당 과일소고기 돼지고기 닭고기 생선 해산물 전분이 적은 채소 단일포화 지방 달걀,체중 조절
장 건강 증진 소화 기능 개선 지방 연소 및 체중 감량 복부 팽만감 완화 300억 활성 배양균 프로바이오틱 균주 7종 보충제 UNLEASH YOUR POTENTIAL ,체중 조절
열 발생 촉진 녹차 추출물 700mg  EGCG 350mg 에너지 소비 촉진 활성산소 제거제 유전자 변형 성분 무함유 보충제 채식주의자 및 비건 1968년 설립된 가족 기업 우수 제조 및 품질 관리 기준 GMP  품질 보증,체중 조절
,체중 조절
California Gold Nutrition 마그네슘 킬레이트 필수 미네랄 보충제 뼈  심장  신경 및 근육 건강 강화  흡수를 돕기 위한 킬레이트화 채식주의자와 비건에게 적합 글루텐  유전자 변형 성분  대두 무함유 cGMP 인증 시설에서 생산 100  골드 개런티 Gold Guarantee ,체중 조절
NSF 유전자 변형 성분 무함유 인증 스트레스 완화  면역 및 심장 건강 강화 Albion 미네랄 비건 상품 글루텐 무함유 코셔 파르브 보충제,체중 조절
멜라토닌 무함유 글루텐  밀  유제품 무함유 비건에게 적합 유전자 변형 성분 무함유 보충제하루를 상쾌하게 시작할 수 있도록 수면의 질 향상 긴장 완화 및 편안한 마음이 들도록 지원 빠르게 잠들고 숙면을 취하도록 지원 밤에 깨지 않는 휴식을 촉진 간헐적인 불면증 및 스트레스 완화를 위한 제품 멜라토닌 무함유 약물 성분 완전 무함유 습관성 약물 중독을 형성하지 않음,체중 조절
대두 단백질 혼합 포뮬라 1회 제공량당 150칼로리 천연 향료 및 감미료 순도 품질 보증단백질 13g 24가지 비타민 및 미네랄 함유 트랜스 지방 0g 유당 무함유 글루텐 무함유 유전자 변형 대두 무함유살코기 1개 채소 1개 전분 식품 1개,체중 조절
Phase 2 탄수화물 차단제 보충제,체중 조절
천연 식품 B12 유기농 과일 함유 USDA 유기농 인증 유전자 변형 성분 무함유 프로젝트 인증 보충제 코셔 QCS 유기농 인증 B  corp  인증 NSF 글루텐 무함유 인증 비건 인증,체중 조절
건강한 신진대사 캡슐당 450mg 보충제 Slendacor  체중 관리 복합체 함유 단 14일 만에 체중 관리 개선 1969년부터 과학에 기반한 고품질 상품 제공,체중 조절
지방 연소 톤 업 군살 감량 보충제 우수 제조 및 품질 관리 기준 GMP  인증 시설에서 제조,체중 조절
1967년 설립 건강한 체중 관리에 도움 보충제 글루텐 무함유 대두 무함유 Chromax  피콜린산크로뮴  Mason 보증   품질 검사 완료 우수 제조 및 품질 관리 기준 GMP  인증,체중 조절
순수 활성 영양소 BCAA   EAA 5g 수분을 공급해 주는 전해질 운동 후 회복 면역력 지원 천연 향료 비건 당류 무함유 인공색소  향료 무함유 카페인 무함유 보충제,체중 조절
스포츠 영양제 MCT 67   케토 연료 Informed Sport Com   Trusted by Sport 인증 Informed Choice org Trusted by Sport 인증 스테로이드 무함유 유전자 변형 성분 무함유,체중 조절
Naturally Flavored with Other Natural Flavors Dietary Supplement Natural Flavors Non GMO Vegan,체중 조절
폐 보호 폐 세포 강화 호흡기 기능에 도움 면역력 강화 바이오플라보노이드 폴리페놀 EGCG 보충제 천연 성분 건강에 좋은 천연 재료 효능   품질   효과 시너지 효과 2가지 프리미엄 허브 추출물 함유 식물성 성분   100  식물성   채식주의자에게 적합 미국 내 cGMP 인증 시설에서 제조,체중 조절
오메가6 지방산 비자극성 체중 감량 보조제 천연 인공 향료 인공 색소 무함유 보충제 품질 검사 완료 우수 제조 및 품질 관리 기준 cGMP 체지방 감소  순근육 증대 ,체중 조절
유전자 변형 성분 무함유 100  Vegan 100  비건  건강 보조 식품 하이드록시시트릭산 50  효능 보장 실험실 검증 완료,체중 조절
보충제의 기준이 되는 상품 카페인 무함유 신진대사 강화 콜라겐 펩타이드 콜라겐 I  II  III  V  X형 눈에 띄는 셀룰라이트 완화에 도움   천연 및 인공 향료 보충제 목초 사육 소고기 BSE 프리 농장 사육 닭고기 자연산 생선 난각막 유전자 변형 성분 무함유 글루텐 무함유 유제품 무함유 염료 무함유 Vitauthority 정품 Dimpless  Sensoril ,체중 조절
1967년 설립 1회 제공량당 1 000mg 당류 대사에 도움이 될 수 있음 보충제 글루텐 무함유 대두 무함유 Mason 보증   품질 검사 완료 cGMP 인증,체중 조절
강력한 체중 감량 효과 신진대사 강화제 및 탄수화물 대사제 신진대사  기분과 에너지 지원을 향상시키는 완전한 식스 인 원 포뮬라 보충제첫째  열 발생   녹차 및 백차 추출물과 Advantra Z의 조합이 강력한 영양소를 공급하여 열 발생 열 생성 을 향상시키고 칼로리를 태우는 데 도움을 줍니다  둘째  에너지   천연 카페인과 마테  구아라나 및 스피룰리나와 같은 식물이 활력 증진에 도움을 줍니다  셋째  기분   본 포뮬라에 함유된 L 테아닌은 기분 완화에 도움을 줍니다  넷째  신진대사   비타민B군은 섭취한 음식을 에너지로 전환하는 데 도움을 주고 탄수화물  지방  단백질의 분해를 돕습니다  다섯째  탄수화물 지원   크로뮴은 탄수화물이 포도당으로 분해되는 것을 돕고 정상 범위 내 건강한 혈당 수치 유지에 도움을 줍니다  여섯째  항산화제   비타민C와 E 및 항산화 활동을 하는 기타 영양소는 세포 보호 및 몸 속 영양 증진에 도움을 줍니다 ,체중 조절
단백질 20g 설탕 1g 미만 44가지 슈퍼 푸드 함유 USDA 유기농 인증 유전자 변형 성분 무함유 프로젝트 인증 Informed Choice   Trusted by Sport 인증 획득 NSF 글루텐 무함유 인증 유기농 셰이크   대용식 휴대용 건강식 소화가 잘 되는 제품 생 프로바이오틱 첨가당 없음 코셔 비건 유제품 또는 대두 성분 없이 제조 28회 제공량 QCS 유기농 인증 에너지 강화 순 근육 생성 포만감깨끗한 유기농 식물성 단백질 20g 44가지 슈퍼 푸드 함유 설탕 1g 미만 15억 생 프로바이오틱   효소 21가지 천연 식품 비타민   미네랄 유기농 섬유소 2g,체중 조절
신경계 건강   스트레스 완화 긴장 완화   숙면 인지 건강 세포 조절 보충제 의학 박사 이삭 엘리아즈 의사  공인침술사  제조 글루텐 무함유 유전자 변형 성분 무함유 비건 친화적 제품,체중 조절
식물성 성분 보충제 대두 무함유 글루텐 무함유 유제품 무함유 합성 성분 무함유 지방 연소 옷 주름 완화 에너지 증진 코셔 100  비건 지방 연소제,체중 조절
체중 관리 발열 케토 친화 상품 스테로이드 무함유 비건 코셔 보충제 유전자 변형 성분 무함유 프로젝트 인증 GMP 품질 보증,체중 조절
코코넛오일에서 추출 체중 관리 케토 친화적인 제품 발열 에너지 Informed Sport   We Trust You Trust 보충제 스테로이드 미함유 USDA 유기농 인증 비건에게 적합 유전자 변형 성분 무함유 프로젝트 인증 QAI 유기농 인증 헥산 무함유 할랄 우수 제조 및 품질 관리 기준 GMP  품질 보증,체중 조절
DNF 10  포만감 펩타이드 보충제 품질 검사 통과 보증 고도로 전문화된 제품,체중 조절
Formulated To Help Support Fat Loss   Muscle Building Powered By Gluco Vantage  Dietary Supplement,체중 조절
C8 Medium Chain Triglycerides  10 g C8 MCT Oil Powder Per Serving  Dietary Supplement  Nutricost  Quality Guaranteed  Third Party Tested  GMP Compliant Facility  Non GMO Product  Gluten Free,체중 조절
Morosil  400mg 녹차 315mg 브린들베리 250mg 보충제 유전자 변형 성분 무함유 글루텐 무함유 대두 무함유 비건 상품 견과류 무함유 유제품 무함유,체중 조절
100  코코넛오일 원료 중쇄중성지방 카프릴산   카프릭산 C8   C10 빠른 연료 두뇌 에너지 신진대사용 연료 케토 친화 제품 USDA 유기농 인증 보충제 채식주의자 비건에게 적합 비건 QAI 유기농 인증두뇌를 위한 빠른 에너지 공급 근육을 위한 빠른 신진대사 에너지 공급 저탄수화물  케토 식단 지원무향 100  순수 코코넛오일로 제조 유기농 인증,체중 조절
카프릴산 MCT 오일 뇌와 신체의 연료 유기농 코코넛 유래 커피 및 셰이크에 혼합 가능 유제품 및 글루텐 무함유 케토 인증 USDA 인증 유기농 유전자 변형 성분 무함유 프로젝트 인증 비건 인증 보충제 Paleo 인증 Pro Cert 유기농 인증신경과민 없이 에너지를 공급하는 케톤체 생성 증진 케토 및 저탄수 식단에 적합 탄수화물 없이 뇌와 신체에 에너지 공급,체중 조절
체중 관리에 도움 탄수화물 흡수 감소에 도움 화이트 멀베리 잎 1 DNJ 함유 식물성 성분 함유 보충제 유제품 무함유 글루텐 무함유 유전자 변형 성분 무함유 비건,체중 조절
USDA 유기농 Informed Choice org Trusted by sport 인증 유전자 변형 성분 무함유 프로젝트 인증 NSF 글루텐 미함유 인증 무가공 바닐라 향 카이 건강한 이동식   단백질 20g 쉬운 소화   생 프로바이오틱스   설탕 무함유 코셔 비건   글루텐 무함유   유제품 또는 대두 성분 없이 제조 글로벌 사회적 기업 인증 QCS 인증 유기농 에너지 증진   순근육 조성   포만감깨끗한 유기농 식물성 단백질 20g 44개의 수퍼푸드 첨가 설탕 1g 미만 15억 생 프로바이오틱스   효소 21가지 홀푸드 비타민 및 미네랄 유기농 섬유질 7g,체중 조절
오메가6 지방산 효과  체지방 감소  순근육 증대  비자극성 체중 감량 보충제  천연 및 인공 향미료 인공 색소 무함유 보충제 품질 검사 완료 우수 제조 및 품질 관리 기준 GMP  품질 인증,체중 조절
마황 미포함 임상적으로 테스트된 체중 감량 팻 버너  체지방 감소  건강보조식품제품  제품은 천연 허브의 체중 감량 성분들과 녹차 잎 추출물  카페인  코코아 등을 이용하여 만든 고급한 체중 감량 및 체지방 감소 포뮬러입니다  결과  cut  ripped abs  과학  독점적인 특허 출원 중에 있는 체중 감량 성분 등 임상적으로 테스트된 재료들의 결합  그리고 완고한 지방 축적 영역들을 목표로 특별히 제조 되었습니다 ,체중 조절
혁신적인 영양 공급 키토산 올리고당 보충제,체중 조절
단백질 15g 순 탄수화물 4g  설탕 2g 섬유소 14g 총지방 12g 천연 향료 크리미하고 바삭한 맛있는 상품 말티톨 무함유,체중 조절
MCT 중쇄중성지방  지속 가능한 에너지원 빠르게 흡수되는 지방산 함유 USDA 유기농 인증 글루텐 무함유 팔레오 비건 NJDA 유기농 인증,체중 조절
Dietary Supplement  Manufactured by a GMP Facility 10 g Of Medium Chain Triglyceride Powder  As GOMCT   Per Serving Vegan  Non GMO,체중 조절
체중 관리 임상 검증된 효능 보충제 건강한 신진 대사 촉진 60 의 강력한 HCA 하이드록시시트릭산  농도 함유 건강한 세로토닌 수치 관리 1969년부터 과학에 기반한 고품질 상품 제공,체중 조절
보충제 소화 기능 증진 채식주의자에게 적합 젤라틴 무함유 우수 제조 및 품질 관리 기준 GMP ,체중 조절
Nurture Vitality 1회 제공량당 MCT 6g 신체   뇌의 연료 프리바이오틱 소화가 쉬움 섞기 쉬움 USDA 유기농 인증 케토 인증 제품 코셔 보충제 BPA 무함유 유전자 변형 성분 무함유 프로젝트 인증 식물성 글루텐 무함유 유기농 인증  QAI매일 아침 두뇌 능력을 강화 운동 전에 몸에 에너지를 공급 하루를 위한 연료를 공급하고 식욕을 억제,체중 조절
보충제 강력한 천연 항산화제,체중 조절
소화기 건강 면역 강화 USDA 유기농 인증 유전자 변형 성분 무함유 프로젝트 인증 보충제 코셔 QCS 인증 유기농 B  corp  인증 NSF 글루텐 무함유 인증 비건 인증,체중 조절
1회 제공량당 480mg 식물성 건강 보조 식품피트니스 애호가가 선호하는 성분 품질 보증 실험실 검사 완료,체중 조절
걱정 없이 소변 횟수 조절 안전한 제품  중독성 약물 무함유 소변 욕구 조절 및 안전한 체중 관리에 도움 매일 섭취 시 가장 효과적 24시간 지원 안전하게 간헐적 긴박뇨 완화 건강한 신진대사 촉진으로 체중 관리 숙면 지원 매일 섭취 건강 보조 식품 안전하고 독성에 노출되지 않게 방광 기능을 조절하고 유지하는 2가지 방식여성의 건강에 대한 개방적이고 솔직한 대화를 믿습니다  고객 스스로 자신의 건강을 책임지도록 돕겠습니다  고객 스스로 보람 있는 삶을 유지하도록 돕겠습니다  최고의 비뇨기  질  방광 건강 제품을 전달하도록 노력하겠습니다 ,체중 조절
천연 및 인공 향미료 단백질 35g 식이섬유 및 EFA 글루텐 무함유 복합 탄수화물 21가지 비타민 및 미네랄 맛있는 맛 건강한 소화 대두 단백질 무함유 Lee Labrada 품질 보증,체중 조절
더 좋은 몸을 위한 포뮬라 녹차 가르시니아 크로뮴 L 카르니틴 인삼 메가 B 복합체 카페인 예르바 마테 스피룰리나 보충제 보존제 무함유,체중 조절
아미노산   에너지   체중 감량 언제나 맛있고 에너지 넘치는 보충제 설탕 무함유 케토 승인 지방 감소 촉진 에너지 증진 땅콩 무함유 글루텐 무함유 천연 색소 l 카르니틴  l 타르타르산염 1g   타우린 1g   코코넛워터 250mg   천연 및 인공 색소 보충제 수크랄로오스로 단맛 첨가,체중 조절
비건 인공 색소 또는 인공 향료 무함유 자연이 선사하는 최고 수준의 식물성 식품 유전자 변형 성분 무함유 프로젝트 인증 환경 친화적이며 깨끗함 단백질 30g 섬유질 15g 글루텐 무함유 대두 무함유 최고의 맛을 자랑하는 식물성 단백질  씨앗  새싹 및 채소 보충제 천연 향 Plant Head에서 원하는 것  환경적 이점 동물성 단백질보다 지속 가능하고 환경에 미치는 영향이 적습니다  유전자 변형 성분 무함유 식물 생애의 3단계  씨앗  새싹 및 성숙한 식물을 전부 공급 동물 복지 친화적 영양학적 이점 훌륭한 단백질 공급원 1회 제공량당 30g 하루 영양소 기준치의 60   훌륭한 식이섬유 공급원 1회 제공량당 15g 하루 영양소 기준치의 60   지질 및 PUFA 고도불포화 지방산 의 천연 공급원 채소  과일  씨앗  새싹 및 채소의 유기농 인증 혼합물 라이프스타일적인 이점 채식주의자 비건 대두 무함유 유제품 무함유 유전자 변형 성분 무함유 유당 무함유 일반적인 알레르기 유발 성분 무함유 보존제 무함유 맛이 가장 뛰어난 식물성 단백질,체중 조절
체중 관리 순근육량 증진 근육량을 효과적으로 유지 잇꽃 오일 보충제 Tonalin 순근육량 증진 근육량을 효과적으로 유지 지방 대사 촉진 각성제 무함유,체중 조절
운동선수를 위한 순수 성분 금지 성분 검사 완료 설탕 무함유 제로 탄수화물 타우린   공액리놀레산   EAA 천연 유래 카페인 순근육 증대 커피생두추출물 염료 무함유 보충제 글루텐 무함유 검사 완료 Informed Choice 인증   We Test   You Trust 정기적인 금지 성분 검사 완료 깨끗한 성분 생산 단위별 품질 검사 완료 우수 제조 및 품질 관리 기준 cGMP  인증 시설 천연 및 인공 향료 수크랄로오스 및 아세설팜칼륨으로 단맛 첨가,체중 조절
설탕 무함유 전체적인 건강 증진 Apple Cider 식초 함유 건강 보조 식품 식물성 성분 함유 유제품 무함유 유전자 변형 성분 무함유 식물성,체중 조절
빠르게 뱃살과 군살 감소 소화 기능 개선 빠르게 지방 연소 6배 더 강력한 체중 감량 효과 3배 더 강력한 허리 및 엉덩이 사이즈 감소 효과 보충제인공 색소 무함유 인공 향미료 무함유 젤라틴 무함유 설탕 무함유 인공 감미료 무함유 보존제 무함유,체중 조절
보충제열 발생 촉진 체지방 감소 순근육량 증가,체중 조절
4 Hr Hunger Control Makes 14 Shakes Taste You ll Love A Classic For Over 40 years 24 Vitamins   Minerals  Including A  C  D  E   Zinc 10 g Protein  5 g Fiber  Delicious Taste Clinically Proven Lose Weight   Keep It Off Artificially Flavored Gluten Free1  One sensible meal   enjoy your favorite foods 2  Replace two meals a day   with shakes  smoothies or bars 3  Indulge in three snacks   satisfy hunger between meals,체중 조절
각성제 무함유 지방 감량 톤   스컬프트 보충제 cGMP 인증복부 지방 감량  허벅지 부위 지방 감량  건강한 체성분 ,체중 조절
25년 이상 지켜 온 프리미엄 품질 오염되지 않은 산악지대에서 재배 액티브 홀 스펙트럼 20 1 추출물 비건 유전자 변형 무함유 성분으로 제조 글루텐 무함유 보충제 우수 제조 및 품질 관리 기준 GMP  품질 보증 Enhancing Nature s Miracles Since 1994,체중 조절
보충제 순도 및 효능 보장식욕 감소 혈당 균형 촉진 식탐 억제 설탕 및 탄수화물에 대한 욕구 감소 맛있고 만족스러운 EnviroSimplex  가공 제품풍부한 단백질 낮은 혈당 지수 인공 감미료 또는 향료 무함유 글루텐 무함유 설탕 및 탄수화물에 대한 욕구 감소 건강한 체중 감량을 지원하는 최적의 영양소 혼합물 제공 건강한 식단 및 주기적인 운동과 병행 시 ,체중 조절
가벼운 감미   스테비아 무함유 USDA 유기농 인증 유전자 변형 성분 무함유 프로젝트 인증 Informed Choice org Trusted by sport 인증 NSF 글루텐 무함유 인증 건강한 이동식 단백질 20g 소화가 쉬움   생 프로바이오틱   효소 비건   글루텐 무함유   유제품 또는 대두 성분 없이 제조 코셔 B corp  인증 QCS 유기농 인증 에너지 증진 순근육 조성 포만감깨끗한 유기농 식물성 단백질 20g 44종의 슈퍼푸드 첨가 스테비아 무함유 15억 생 프로바이오틱스   효소 21종의 유기농 식품 비타민   미네랄 유기농 섬유질 7g,체중 조절
Made with Organic Ceylon Cinnamon 1 200 mg Per Serving  Certified Organic by CCOF  Dietary Supplement  Nutricost  Quality Guaranteed Vegetarian Product  GMP Compliant Facility  Non GMO Product  Third Party Tested  Gluten FreeLower Blood Pressure  Reduced Inflammation  Reduced Oxidative Stress Reduced Soreness From Exercise Improved Heart Health  Improved Oral Health,체중 조절
1회 제공량당 50g  순수 단백질 단백질 혼합물   육류  계란  콩류 통곡물 혼합물   납작귀리  쌀  퀴노아  아마  견과류 및 씨앗 과일 및 채소 혼합물   잎채소류  베리류  감귤류 슈퍼 푸드 매트릭스   버섯  생강  말차 녹차 전해질 수분 공급 복합체    천일염  칼슘  칼륨 단백질 50g  첨가당 0g 500칼로리  단백질 보충제 천연 및 인공 향료 말토 무함유 대두 무함유 유제품 무함유 모든 생산 단위에 대해 품질 검사 완료 우수 제조 및 품질 관리 기준 cGMP  등록 시설 100  천연 단백질 원료,체중 조절
Keto Made Easy  Tools   Support for Success Optimal Low Carb Ketogenic Nutrition  Free of Gluten  Artificial Sweeteners  from Artificial Flavors  Colors  Clinically Proven Lose Weight   Keep It Off  Whey   Collagen Protein  Grass Fed Butter   MCTs Naturally Flavored with Other Natural Flavors ,체중 조절
고품질 l 카르니틴 활력 보충제 신진대사 잠재력 강화 지방 연소 촉진 녹차 추출물 EGCG  함유,체중 조절
복부 지방 감소 증진 보충제 건강한 체중 관리 체지방 감소에 도움 크로뮴으로 강화,체중 조절
유전자 변형 성분이 없는 홍화유에서 추출한 표준형 80  CLA 건강 보조 식품 비건 인증 글루텐 무함유 우수 제조 관리 기준   GMP 인증 제3자 기관 품질 검사 완료 Igen  유전자 변형 성분 없음 검사 완료 각성제 무함유,체중 조절
유전자 변형 성분 무함유 잇꽃오일에서 추출한 표준화 공액리놀레산 95  보충제 Igen  유전자 변형 성분 무함유 검사 완료 유전자 변형 성분 무함유 글루텐 무함유 우수 제조 및 품질 관리 기준   GMP 인증 제3 기관 인증 완료 표준화 공액리놀레산 95  각성제 무함유 포뮬라,체중 조절
당류 무함유 지방을 에너지원으로 연소  케톤증에 도움  체중 감량 에너지원  천연 및 인공 향료 보충제 품질 검사 완료 우수 제조 및 품질 관리 기준 GMP  품질 인증,체중 조절
Est  1973 1 000 mg Per Serving Vegan Herbal Support Dietary Supplement Non GMO Project Verified Lab Verified Vegan A Brighter Way 1973,체중 조절
BCAA  2 1 1 최대 발열 작용 신속한 세포 에너지 운동 후 도움 보충제 보존제 무함유Sinetrol 의 발열 작용   Sinetrol 은 3종 지중해 감귤류 추출물과 과라나 열매 추출물로 구성된 강력한 허브 조제 물집입니다   임상 연구 결과  이러한 Sinetrol 의 생리활성 성분 조합이 복부  허리 및 엉덩이와 같이 지방이 축적된 부위의 신진대사 활동을 활발하게 하는 것으로 밝혀졌습니다  신속한 세포 에너지   중쇄중성지방 MCT 은 세포 에너지의 신속한 공급원을 제공합니다  이들의 작은 분자 크기로 인해 MCT는 체내에 빠르게 흡수된 후 세포의 미토콘드리아로 이동하여 세포 에너지 생성의 연료로 사용됩니다    운동 후 도움   일일 제공량당 비타민D3 1 600IU와 2 1 1 비율의 BCAA 류신  아이소류신  발린 를 제공하여 활동적이고 활기찬 체내의 높은 영양소 요구량을 지원합니다 ,체중 조절
운동 능력 기술 강력한 활력을 불어넣는 포뮬라 지방 연소 분리 소고기 단백질 지방 연소  근육 생성  에너지 증가 매일 최대 100칼로리 추가 공복감 완화 및 식욕 억제 강력한 발열 성분으로 강화 첨단 향미 기술 천연 및 인공 향료 지방  유당  콜레스테롤  설탕 무함유 보충제 100  소고기 단백질로 제조 젤라틴 무함유임상 시험을 마친 성분인 SUPER 6 PARADOL 이 열을 발생시키고 저장된 지방에서 지방산을 방출하여 갈색 지방 조직 BA 의 열 생성을 촉진합니다  신진대사를 높여 매일 최대 100칼로리를 추가로 소모할 수 있습니다  이 칼로리는 1 6마일을 달리며 연소되는 칼로리와 같습니다  강력한 천연 식물 추출물과 허브가 풍부하게 들어 있으며 폴리페놀  메틸잔틴  카페인이 풍부하게 들어 있어 시너지 효과를 발휘하여 지방 연소를 강화합니다  공복감 및 포만감 감소에 도움을 줍니다  강력한 에너지 충전 및 기분 전환 효과로 다이어트를 성공적으로 마무리하고 최상의 컨디션을 유지할 수 있습니다 1회 제공량당 순수 소고기 단백질 23g  지방 무함유  콜레스테롤 무함유  설탕  유당  글루텐 무함유   새로운 임상 연구에 따르면 CARNIVOR BPI 보충제를 복용하면 8주 만에 근육량을 늘리는 데 도움이 되는 것으로 나타났습니다   Anabolic Nitrogen Retention Technology 는 근육 형성을 위해 아미노산을 재활용하고 암모니아와 독소 축적을 최소화하여 동화 작용을 강화합니다 긍정적인 질소 균형을 촉진하고 단백질 합성을 증진하고 이화 근육 분해를 줄이며 운동 능력을 개선하고 근육 피로를 줄여주는 분지사슬아미노산 BCAA 이 첨가되어 있습니다 ,체중 조절
단백질 분말 식사  기타 천연 향료 함유 식물성 단백질 코셔 파르브 스트로베리 스피루 테인은 즉석에서 믹스 가능   믹서기 필요 없음 글루텐 무함유 식물성 효모 무함유 제품 유전자 변형 성분 무함유 천연 대두 심장에 좋은 음식우수한 식물성 단백질 혼합물  대두  완두콩  쌀 모든 비타민의 하루 영양소 기준치 100  필수 미네랄의 광범위한 함유 에너지 영양소  고품질 식물성 단백질 다이어트 보조  레시틴  스피룰리나  콜린  이노시톨 효소  브로멜라인 및 파파야 클렌징  클로로필린,체중 조절
CLA 복합체 1 000mg 체지방 감소에 도움 각성제 무함유 건강한 대사속도 지원 보충제체중 관리 체지방 감소 순근육량 증가 신진대사 속도 운동 후 회복 체성분,체중 조절
영양 보충제 항산화 지원  35 mg EGCG  100 mg,체중 조절
3 000 mg Per Serving Dietary Supplement  Quality Guaranteed   Nutricost   Third Party Tested GMP Compliant Facility Non GMO Product Gluten Free,체중 조절
보충제 유전자 변형 성분 무함유 목초 사육,체중 조절
Dietary Supplement Nutricost  Quality Guaranteed Third Party Tested GMP Compliant Facility Non GMO Product Gluten FreeWiden Air Passages Increase Bone Density Stimulate Testosterone Formation,체중 조절
영양 가득 글루텐 무함유 비건 인증 오메가3  슈퍼 푸드  비타민  미네랄 효소   5가지 프로바이오틱 균주 함유 완전 단백질 22g 필수 아미노산 8 5g 이상 대두   글루텐 무함유,체중 조절
인공 색소  인공 향료  인공 감미료 무첨가 근육 강화 음식 천연 향미료 함유 단백질 분말 천연식품 기반 성분 보존제 무첨가 소화가 용이 락토오스 무함유,체중 조절
1982년 설립 임상 시험을 마친 균주 100억CFU 유전자 변형 성분 무함유 프로젝트 인증 코셔 B  corp  인증 프로바이오틱 보충제 글루텐 무함유 100  비건 상품 인공 향료 및 색소 무함유 버몬트에서 감사의 마음을 담아프로바이오틱의 먹이가 되는 프리바이오틱 유통기한 내내 살아 있는 프로바이오틱 웰니스를 증진하는 천역 식품 허브,체중 조절
1965년 설립 이후 품질 유지 Igen   유전자 변형 성분 무함유 검사 완료 1 480mg 오메가 3   9 200mg 9 2g  MCT 신선도와 효능 순도 보장 건강 보조 식품 에너지 생성 지방 신진대사 두뇌 건강 글루텐 무함유 인공 보존제 무함유,체중 조절
SOD B Dimpless  함유 여성의 허벅지 셀룰라이트 완화에 도움 히알루론산 함유 보충제,체중 조절
뛰어난 균형   혈당 유전자 변형 성분 없음   글루텐 없음   대두 성분 없음 건강 보조 식품 혈당 수치 정상화 효능 탄수화물의 혈당 전환 억제 농축된 자연식품 및 식물 성분 제공 1992년 설립 최대 순도와 효능을 위해 세 번의 중복 테스트 실행,체중 조절
Won t Break Your Fast Lose Weight   Keep IT Off   with the SlimFast Plan  Energy   Focus 100 mg Caffeine from Natural Sources Electrolytes for Hydration  Zero Added Sugar Naturally Flavored with Other Natural Flavors Gluten Free Grab   Go Anytime Energy Convenient  Energizing Hydration  Adds Variety to Your Fasting Zone,체중 조절
4 Hr Hunger Control Makes 14 Shakes Taste You ll Love A Classic For Over 40 years 24 Vitamins   Minerals  Including A  C  D  E   Zinc 10 g Protein  4 g Fiber Delicious Taste Clinically Proven Lose Weight   Keep It Off Artificially Flavored Gluten Free1  One sensible meal   enjoy your favorite foods 2  Replace two meals a day   with shakes  smoothies or bars 3  Indulge in three snacks   satisfy hunger between meals,체중 조절
코코넛오일에서 추출 체중 관리 케토 친화 상품 발열 활력 보충제 스테로이드 검사 완료 USDA 유기농 인증 비건 유전자 변형 성분 무함유 인증 GMP 인증 할랄 QAI 유기농 인증카프릴산 C8  50  80  카프릭산 C10  20  50 ,체중 조절
활기 충전 콜라겐 펩타이드   체중 관리 모발  피부  손발톱  관절 건강 증진 및 체중 관리 효과 카페인 함량을 높여 에너지 강화 6가지 활성 체중 감량 성분 1회 제공량당 콜라겐 10g 함유 목초사육   방목사육 보충제 글루텐 무함유 Carnipure  InnovaTea   차에서 추출한 천연 카페인 GMP 인증 시설에서 제조 BSE 무함유,체중 조절
성형 식물성 원료로 제조 첨가당 0g 대두 무함유 글루텐 무함유 유제품 무함유 100  비건 상품 코셔 CCOF 유기농 인증 유기농은 유전자 변형 성분 무함유 그 이상버섯   영지버섯  동충하초  표고버섯 등 계피 가루 순 탄수화물 1g 비타민   다시마  과일 및 채소 미네랄   해조류 파이토뉴트리언트   과일 및 채소 1인분 제공 B 12 메틸코발라민 MCT 오일프로바이오틱스   토양 기반 유기체  1회 제공량당 20억 CFU 우수한 섬유소 공급원,체중 조절
천연 식품 보조제 무가공 효소 유기농 재배 과일   채소 23종 결합제 및 충전제 무함유 코셔 유전자 변형 성분 무함유 프로젝트 인증 글루텐 무함유 채식주의자에 적합 유제품 무함유 천연 식품 종합 비타민 스트레스 관리 지원 천연 건강 보조 식품스트레스 관리에 도움을 주는 강력한 아유르베다 아슈와간다 정신적 및 신체적 에너지 건강한 신진대사 소화 건강을 지원하는 효소,체중 조절
고효능 녹차 추출물 비건 유전자 변형 성분 무함유 글루텐 무함유 보충제 기능 개선 우수 제조 및 품질 관리 기준 GMP  제조 품질 보증 독립된 기관에서 검사 완료,체중 조절
일상 면역 강화 및 식물성 성분 함유 천연 사과 식초 고효능 비타민C 항산화제   비타민B군 및 전해질 기타 천연 향료가 첨가된 탄산 드링크 믹스 보충제 글루텐 무함유 식물성 카페인 무함유,체중 조절
10가지 이상의 애플 사이다 식초 슈퍼 푸드 애플 사이다 식초 함유 천연 식품 보충제 Dr  Axe 포뮬라,체중 조절
4 Hr Hunger Control Vitamins C   D Immune Support Plus Zinc Makes 14 Shakes Taste You ll Love A Classic For Over 40 years 24 Vitamins   Minerals  Including A  C  D  E   Zinc 10 g Protein  4 g Fiber   Contains 3 5 g Total Fat Per Serving Delicious Taste Clinically Proven Lose Weight   Keep It Off Artificially Flavored Gluten Free1  One sensible meal   enjoy your favorite foods 2  Replace two meals a day   with shakes  smoothies or bars 3  Indulge in three snacks   satisfy hunger between meals,체중 조절
건강한 체중 관리 건강하고 맛있게 보충제부기 빼기 알칼리화 소화 기능 촉진 수분 밸런스 체중 감량 식물성,체중 조절
보충제 포스콜리 Coleus forskohlii  캡슐당 400mg 포스콜린 10  효능 보장 품질 검사 인증,체중 조절
체중 관리 발열 케토 친화적 제품 건강 보조 식품 Informed Sport Com   Trusted by Sport 인증 Informed Choice Org   Trusted by Sport 인증 스테로이드 없음 비건 섭취 가능 코셔 유전자 변형 성분 미함유 프로젝트 인증 GMP 품질 보증 헥산 없음,체중 조절
생강   강황 함유 사과 사이다 식초 USDA 유기농 인증 대두 무함유 유전자 변형 성분 무함유 글루텐 무함유 Certified Organic by Organic Certifiers  Inc Organic Certifiers  Inc 유기농 인증 신진 대사 건강을 지원하고 유전자 활성을 통해 지방 축적을 줄입니다  위산 증가를 통해 소화를 개선합니다  탄수화물의 완전한 소화를 방지하여 혈류의 당 유입을 늦춰줍니다  신체의 pH 균형을 유지합니다  건강한 인지 기능을 촉진합니다  림프 배수 및 해독 과정을 지원합니다  근육 글리코겐 공급 강화를 통해 운동 회복을 돕습니다 소화기관 지원과 열을 통한 추가적인 지방 연소를 위해 유기농 생강 뿌리 퓨레가 함유되어 있습니다  유기농 강황 뿌리 퓨레도 함유되어 소화력과 대사를 지원합니다  장에 친화적인 프로바이오틱과 효소를 위해 천연 초모가 함유되어 있습니다  히포크라테스의 요법대로 유기농 벌꿀이 혼합된 상태로 제공됩니다 1회 제공량당 함유된 총당류는 단 2g   최적의 효능을 위해 아세트산 강도 5 로 적절히 희석된 상태로 제공됩니다  매일 1테이블스푼 분량을 떠서 물이나 기타 음료 또는 식품에 섞으세요 ,체중 조절
농장의 신선함 1975년 설립 클렌징 및 디톡스 체액 균형 유지 소화 촉진 활성  초모  가 있는 무가공 및 비여과 제품 보충제 USDA 유기농 인증 알칼리화 소화 기능 체중 감량 지원 디톡스 부기 빼기 수분 밸런스 QCS 유기농 인증,체중 조절
고단백 에너지 식사  심장에 좋은 음식 글루텐 미함유 3 단계 단백질 여러분만의 감미료를 추가하십시오  당뇨병 라이프스타일에 적합 유전자 변형 성분 없음 자연 대두 채식주의자 효모 미함유 제품탁월한 3 단계 단백질 혼합  쌀  완두콩  대두 모든 비타민의 100  하루 영양소 기준치 중요 미네랄의 광범위한 프로필 에너지 영양소  고품질 3 단계 단백질 다이어트 식품  레시틴  스피룰리나  콜린  이노시톨 효소  브로멜라인 및 파파야 클렌징  엽록소 섬유소  셀룰로오스 및 사과 펙틴,체중 조절
1967년 설립 젤라틴 무함유 코셔 파르브 보충제 Mason 보증   품질 검사 완료 cGMP 인증 대두 무함유,체중 조절
코코넛오일에서 추출 체중 관리 케토 친화 상품 유전자 변형 성분 무함유 프로젝트 인증 USDA 유기농 인증 보충제 채식주의자 비건에게 적합 할랄 QAI 유기농 인증카프릴산 C8  50  80  카프릭산 C10  20  50 ,체중 조절
100  천연 향료 색소 보충제 GMP 인증 시설에서 제조 신체의 잠재력 강화 2012년부터 업계 최고의 자리를 지켜온 상품 전 세계 300만 명이 넘는 사람들이 신뢰하는 상품 인공 향료 무함유 인공 식품 염료 색소 무함유 아스파탐 아세설팜칼륨 무함유 신뢰할 수 있는 확실한 효과 및 강력한 에너지 충전,체중 조절
특허 받은 목련 및 황벽나무 추출물 스트레스 및 식욕 조절 캡슐당 250mg 보충제 정서 건강 지원 스트레스 및 체중 관리와 관련된 건강한 호르몬 수치 지원 1969년부터 과학에 기반한 고품질 상품 제공,체중 조절
Farm Fresh Est  1973 Made With Real Fruit Real Apple Flavor Vegan Gluten Free Apple Pectin Dietary Supplement Pectin Based,체중 조절
Gluten Free Non GMO Dietary Supplement Laboratory Tested Quality Guarantee Let Your Health Shine ,체중 조절
프리미엄 보조제 카프릴산 C8  MCT 오일 건강 보조 식품 대두 무함유 유전자 변형 성분 무함유 글루텐 무함유,체중 조절
글루텐 무함유 비건 인증 오메가3  슈퍼 푸드  비타민  미네랄 효소   5가지 프로바이오틱 균주 함유 완전 단백질 22g 필수 아미노산 8 5g 이상 대두   글루텐 무함유,체중 조절
건강한 소화 기능 증진 유익균 보충 체중 감량 지원 보충제,체중 조절
4 Hr Hunger Control Vitamins C   D Immune Support Plus Zinc Makes 14 Shakes Taste You ll Love A Classic For Over 40 years 24 Vitamins   Minerals  Including A  C  D  E   Zinc 10 g Protein  4 g Fiber  Delicious Taste Clinically Proven Lose Weight   Keep It Off Artificially Flavored Gluten Free1  One sensible meal   enjoy your favorite foods 2  Replace two meals a day   with shakes  smoothies or bars 3  Indulge in three snacks   satisfy hunger between meals,체중 조절
Helps Curb Hunger Lose Weight   Keep It Off   with the SlimFast Plan  Artificially Flavored 15 g Slow Digest Protein  6 g Fiber 25 Vitamins   Minerals Including A  C  D  E   Zinc,체중 조절
유기농 비건 상품 유전자 변형 성분 무함유 대두 무함유 글루텐 무함유 단백질 15g 드링크 믹스 천연 향료 순 탄수화물 2g 식이섬유 5g 110칼로리 설탕 0g  깨끗한 유기농 영양소비트뿌리 스피룰리나 강황 생강 뿌리,체중 조절
락토스 프리 단백질 20 g 과일 및 채소 28종 식이섬유 10 g 글루텐 없음 그린 커피 빈,체중 조절
4 Hr Hunger Control Vitamins C   D Immune Support Plus Zinc Makes 14 Shakes Taste You ll Love A Classic For Over 40 years 24 Vitamins   Minerals  Including A  C  D  E   Zinc 10 g Protein  4 g Fiber  Delicious Taste Clinically Proven Lose Weight   Keep It Off Artificially Flavored Gluten Free1  One sensible meal   enjoy your favorite foods 2  Replace two meals a day   with shakes  smoothies or bars 3  Indulge in three snacks   satisfy hunger between meals,체중 조절
l 카르니틴 1 500mg 애플 사이다 식초 500mg 유기농 카페인 166mg 1회 제공량당 Caloriburn GP  20mg 지방 연소 파우더 보충제 천연 향료 Amatea  Carnipure  Capsimax  PurCaf  유기농 카페인 CaloriBurn  ChromeMate  비건 친화적 상품 유전자 변형 성분 무함유 글루텐 무함유 Informed Sport   Trusted by Sport 인증   We Test You Trust 멈추지 않는 발전 지방 연소 신진대사 촉진 청정 에너지원 열 발생,체중 조절
김네마 추출물 함유 보충제 체중 감량 지원  보존제 무함유,체중 조절
 Will Power  단독 섭취보다 더 효과적입니다  표준화된 허브 및 아미노산 보충제 ChromeMate  함유 글루텐 무함유 비건,체중 조절
서방형 에너지 극대화 과도한 신진대사 집중력 향상 보충제 cGMPTeaCrine BioPerine  Terra Intelligent Dosing,체중 조절
유기농 비건 상품 유전자 변형 성분 무함유 대두 무함유 글루텐 무함유 단백질 15g 드링크 믹스 천연 향료 순 탄수화물 2g 식이섬유 5g 110칼로리 설탕 0g  깨끗한 유기농 영양소비트뿌리 스피룰리나 강황 생강 뿌리,체중 조절
Performance Sport Nutrition 1회 제공량당 3 000mg 글루텐 무함유 알레르기 유발 성분 없음 유전자 변형 성분 없음  체지방 감소에 도움을 줄 수 있음 순근육량 지원 대사율 상승에 도움을 줄 수 있음 70회 제공량 근육 생성 지방 연소제 보충제 매일 섭취,체중 조절
영양 보충제 강력한 천연의 항산화제,체중 조절
보충제 Tonalin    체지방 감소용 체지방 감소   근육 형성 순도 및 효능 보장,체중 조절
혈당 건강 증진 허브 보충제 심혈관계 건강 및 혈당 대사에 도움 신진대사 증진 건강한 혈당 수치 촉진 1969년부터 과학에 기반한 고품질 상품 제공,체중 조절
단백질 분말 식사  기타 천연 향료 함유 식물성 단백질 글루텐 무함유 코셔 파르브 Vanilla Spiru Tein 믹스   믹서기 필요 없음 식물성 효모 무함유 제품 유전자 변형 성분 무함유 천연 대두 심장에 좋은 음식우수한 식물성 단백질 혼합물  대두  완두콩  쌀 모든 비타민의 하루 영양소 기준치 100  필수 미네랄의 광범위한 함유 에너지 영양소  고품질 식물성 단백질 다이어트 보조  레시틴  스피룰리나  콜린  이노시톨 효소  브로멜라인 및 파파야 클렌징  클로로필린 섬유소  셀룰로오스 및 사과 펙틴,체중 조절
310 Shake 유기농   비건 유전자 변형 성분 무함유 대두 무함유 글루텐 무함유 단백질 15g | 탄수화물 2g | 섬유소 5g | 110칼로리 천연 향료 드링크 믹스 깨끗한 유기농 영양소 유전자 변형 성분 무함유 설탕 0g비트뿌리 스피룰리나 강황 생강뿌리,체중 조절
Plus AQTIV  MCT Oil Weight Loss Support Featuring Chromium in Combination with Green Tea  Gymnema   More Dietary Supplement,체중 조절
비건 및 유전자 변형 성분 무함유 USDA 유기농 인증 보충제 Igen   유전자 변형 성분 무함유 검사 완료 비건 인증 글루텐 및 대두 무함유 Organic Certifiers 유기농 인증 신뢰할 수 있는 브랜드매일 구미젤리 2개씩 섭취 펙틴 기반 500mg   애플 사이다 식초 천연향미료,체중 조절
구미젤리당 500mg 보충제 알려진 알레르기 유발 성분 무함유 글루텐 무함유 미국 1위 미량 미네랄 브랜드  비건 인증 cGMP 인증 제 3기관 검사 완료 BPA 무함유 미국 판매 1위 액상 마그네슘 브랜드  ,체중 조절
잇꽃 유래 순수 공액리놀레산 체성분 개선  체지방 감소  체형 개선 300개 이상의 연구로 증명하는 결과 1회 제공량당 1 000mg 보충제 글루텐 무함유 검사 완료 생산 단위별 품질 검사 완료 우수 제조 및 품질 관리 기준 cGMP  인증 시설,체중 조절
Jet Fuel 10 주년 기념 프리미엄 커팅  산열성 화합물 오래 지속되는 에너지 지원   식욕 조절 강력한 지방 대사체 GAT 만족 보장 건강 보조 식품DMAE  로디올라 로제아  L 티아닌은 긍정적인 기분과 집중을 주고 식이요법 시의 스트레스에 대응하도록 합니다  니아신  비타민 B 12  구아라나 씨드  생강 뿌리와 카페인 앤히드로스는 지속적인 에너지와 식욕 조절을 돕습니다  애드반트라 Z 시트러스 오란티움은 지방 연소의 열발생을 지원합니다  MCTs 중간사슬트리글리세라이드 와 엑스플로탭은 활동 성분이 캡슐에서 방출되자 마자 효과적으로 운반되도록 돕습니다 ,체중 조절
USDA 인증 유기농 생강 및 강황 함유 애플 사이다 식초 Organic Certifiers 유기농 인증 대두 성분 무함유 유전자 변형 성분 무함유 글루텐 무함유신진 대사 건강을 지원하고 유전자 활성을 통해 지방 축적을 줄입니다  위산 증가를 통해 소화를 개선합니다  탄수화물의 완전한 소화를 방지하여 혈류의 당 유입을 늦춰줍니다  신체의 PH 균형을 유지합니다  건강한 인지 기능을 촉진합니다  림프 배수 및 해독 과정을 지원합니다  근육 글리코겐 공급 강화를 통해 운동 회복을 돕습니다 ,체중 조절
퓨어 프리미엄 중간사슬중성지방 순도 100  코코넛오일에서 추출 빠르고 효과적인 에너지 공급 케톤형성 식사 보조 건강 보조 식품 카프릴산 1회 제공량당 5 2g   라우릭산 1회 제공량당 3 8g   카프릭산 1회 제공량당 3 4g   빠르고 효과적인 에너지 공급 팜오일 함유량 0  최상의 건강 지원 유제품 없음 글루텐 없음 식물성,체중 조절
비오페린  흡수력 향상 순수 근육량 유지 및 체지방 감소 CLA  잇꽃 오일  코코넛오일 등을 함유하였습니다  건강 보조 식품,체중 조절
Meal Lose Weight   Keep It Off   with the SlimFast Plan  Ideal for Low Carb Lifestyle Artificially Flavored 5 g Fiber Contains 36 Total Fat Per Serving 24 Vitamins   Minerals with A  C  D  E   Zinc 4 Hr Hunger Control   Satiety was Measured in a Laboratory Controlled Setting Gluten Free,체중 조절
Won t Break Your Fast Lose Weight   Keep IT Off   with the SlimFast Plan  Energy   Focus 100 mg Caffeine from Natural Sources Electrolytes for Hydration  Zero Added Sugar Artificially Flavored Gluten Free Grab   Go Anytime Energy Convenient  Energizing Hydration  Adds Variety to Your Fasting Zone,체중 조절
운동 능력 기술 강력한 활력을 불어넣는 포뮬라 지방 연소 분리 소고기 단백질 지방 연소  근육 생성  에너지 증가 매일 최대 100칼로리 추가 공복감 완화 및 식욕 억제 강력한 발열 성분으로 강화 첨단 향미 기술 천연 및 인공 향료 지방  유당  콜레스테롤  설탕 무함유 보충제 100  소고기 단백질로 제조 젤라틴 무함유임상 시험을 마친 성분인 SUPER 6 PARADOL 이 열을 발생시키고 저장된 지방에서 지방산을 방출하여 갈색 지방 조직 BA 의 열 생성을 촉진합니다  신진대사를 높여 매일 최대 100칼로리를 추가로 소모할 수 있습니다  이 칼로리는 1 6마일을 달리며 연소되는 칼로리와 같습니다  강력한 천연 식물 추출물과 허브가 풍부하게 들어 있으며 폴리페놀  메틸잔틴  카페인이 풍부하게 들어 있어 시너지 효과를 발휘하여 지방 연소를 강화합니다  공복감 및 포만감 감소에 도움을 줍니다  강력한 에너지 충전 및 기분 전환 효과로 다이어트를 성공적으로 마무리하고 최상의 컨디션을 유지할 수 있습니다 1회 제공량당 순수 소고기 단백질 23g  지방 무함유  콜레스테롤 무함유  설탕  유당  글루텐 무함유   새로운 임상 연구에 따르면 CARNIVOR BPI 보충제를 복용하면 8주 만에 근육량을 늘리는 데 도움이 되는 것으로 나타났습니다   Anabolic Nitrogen Retention Technology 는 근육 형성을 위해 아미노산을 재활용하고 암모니아와 독소 축적을 최소화하여 동화 작용을 강화합니다 긍정적인 질소 균형을 촉진하고 단백질 합성을 증진하고 이화 근육 분해를 줄이며 운동 능력을 개선하고 근육 피로를 줄여주는 분지사슬아미노산 BCAA 이 첨가되어 있습니다 ,체중 조절
BCAA   EAA 5g 수분을 공급해 주는 전해질 운동 후 회복 면역력 지원 천연 향료 비건 제품 당류 무함유 인공색소  향료 무함유 카페인 무함유 보충제 Aquamin 천연 감미료 사용,체중 조절
휴대 가능 개별포장 스틱팩 14개 기타 천연 향료 첨가 천연 성분으로 에너지 제공  대사 증진 지방 분해 촉진  집중력 강화 웰빙 촉진 인공 색소 무함유 설탕 무함유 인공 향료 무함유 천연 카페인 200mg,체중 조절
체중 관리 소프트젤 1정당 1 000mg 잇꽃 오일 혼합물 보충제 건강한 체중 관리 잇꽃 오일 혼합물이 체내에서 작용하여 순근육 발달 촉진 체중 관리 및 감량 목표 지원 1969년부터 과학에 기반한 고품질 상품 제공 Tonalin ,체중 조절
USDA Organic 미국 농무부 유기농 인증  건강 보조 식품 Certified Organic by  QCS QCS 유기농 인증 ,체중 조절
식물성 원료 유전자 변형 성분 무함유 홍화유에서 추출한 표준형 80  CLA 보충제 비건 인증 글루텐 무함유 우수 제조 및 품질 관리 기준   GMP 인증 제3 기관 검사 완료 인증 Igen  유전자 변형 성분 무함유 검사 완료표준화 공액리놀레산 80  각성제 무함유 포뮬라 Igen  유전자 변형 성분 무함유 검사 완료,체중 조절
1회 제공량으로 만족스런 식사 The Energy Supplements  고단백 에너지 식사  글루텐 무함유 뛰어난 맛 완전한 광범위 스펙트럼 스피룰리나를 함유한 단백질 복합체 Tri Part Protein  심장에 좋은 음식 코셔 파르브 Meal In A Minute  즉시 혼합되는 바닐라 Spiru Tein 블렌더 불필요 채식주의자에게 적합 효모 무함유 유전자 변형 성분 무함유 천연 대두,체중 조절
Meal Lose Weight   Keep It Off   with the SlimFast Plan  Ideal for Low Carb Lifestyle Artificially Flavored 5 g Fiber Contains 36 Total Fat Per Serving 23 Vitamins   Minerals with A  C  D  E   Zinc 4 Hr Hunger Control   Satiety was Measured in a Laboratory Controlled Setting Gluten Free,체중 조절
맛있는 베이커리 맛  Sweet Treats   베이커리 맛 안심하고 먹을 수 있는 훌륭한 맛  단백질 20g 과일 채소 30종 식이섬유 10g 글루텐 무함유 천연 향료,체중 조절
항산화 효과 허브 보충제 식물성,체중 조절
각성제 무함유 체성분 지방 감량 설탕 무함유 천연 향료 보충제,체중 조절
천연 감미료 사용 BCAA   EAA 5g 수분을 공급해 주는 전해질 운동 후 회복 면역력 지원 천연 향료 비건 제품 당류 무함유 인공색소  향료 무함유 카페인 무함유 보충제 Aquamin 천연 감미료 사용,체중 조절
휴대 가능 개별포장 스틱팩 14개 기타 천연 향료 첨가 천연 성분으로 에너지 제공  대사 증진 지방 분해 촉진  집중력 강화 웰빙 촉진 인공 색소 무함유 설탕 무함유 인공 향료 무함유 천연 카페인 200mg,체중 조절
보충제 계피 추출물 20 1 포도당 관리 시스템 순도 및 효능 보장,체중 조절
최적의 소화와 건강을 위한 완벽하고 균형잡힌 비건 식사 대용품 영양소가 풍부한 슈퍼푸드 1979년 설립 천연  활력 보충  영양 공급 식물성 슈퍼 단백질 블렌드   스피룰리나  클로렐라  보리싹 Life s DHA 식물성 Omega3 1 000mg Life s DHA   건강한 두뇌  눈  심장 프로바이오틱스 80억 최대 생체이용률   소화력 향상   장 건강 유제품 무함유 글루텐 무함유 비건 인증 유전자 변형 성분 무함유 대두 무함유완벽한 천연 식물성 단백질 식사 대용품  필수 비타민 일일 영양권장량 100   특수 효소 혼합물이 단백질 소화를 돕습니다  근육 회복 및 재건을 위한 영양소 가용성을 극대화합니다  프리바이오틱스와 80억 개의 활성 프로바이오틱스 세포를 혼합하여 건강한 소화를 돕는 장내 세균총을 촉진합니다  필수 오메가3 지방산 DHA는 두뇌  눈  심장  신경계 기능을 지원합니다  완두콩  쌀  햄프  스피룰리나  클로렐라  보리 싹 주스에서 추출한 모든 식물성 단백질 ,체중 조절
유기농 프리바이오틱 섬유소 및 실론 계피 함유 보충제 천연향료 분말 Greatness by Nature  콜라겐 1형 및 3형 말토덱스트린 무함유 품질 검사 완료 목초 사육  방목 사육 글루텐 무함유 유전자 변형 없는 성분으로 제조 깨끗한 에너지   최적의 단백질 호르몬 무함유 콜라겐맑은 정신 장 건강 증진 빠르고 지속적인 에너지 제공 최상의 효능 관절 운동성 모발 및 손발톱 강화 피부 세포 건강 건강한 수준의 식욕,체중 조절
체중 관리 Chromas  함유 보충제 정신  신체  가정을 위한 전반적인 웰니스 증진 최고의 순도 및 효능 1969년부터 과학에 기반한 고품질 상품 제공,체중 조절
Accelerate Your Weight Loss Achieve Your Goals Stimulant Free Fat Burn Energy   Metabolism Natural   Artificial Flavors Boost Endurance Healthy Energy Support Fat Burning Non GMO Gluten Free Dye Free BPA Free Paraben Free 31 Servings Dietary Supplement 2x Boost Energy and Fat Burning Health For Every LifestyleEnergy Stored As Fat Carnitine Shuttles Fat Cells To Mitochondria Mitochondria Converts Fat Into Energy Increased Fat Burning   Energy,체중 조절
Since 1930 A Step Towards Optimal Weight Supports Appetite   Metabolism Non GMO Project Verified USDA Organic Herbal Supplement Gluten Free Vegan Friendly cGMP No Wheat No Corn No Soy No Dairy No Ingredients of Animal Origin 2 Month Supply Certified Organic By Control Union Certifications Family Owned for Over 90 Years,체중 조절
IGEN 유전자 변형 성분 무함유 검사 완료 신선도 및 효능  순도 보장 보충제 케토 건강 지원 에너지 생산 지방 대사 인공 보존제 무함유 글루텐 무함유 순도 보장 Friend of the Sea 인증 국제 어유 표준 IFOS  인증,체중 조절
대두 성분 무함유 글루텐 무함유 유기농 섬유소 7g 단백질 20g 유기농 과일   채소 10종 USDA 유기농 인증 코셔 비건 인증 QAI 유기농 인증 유전자 변형 성분이 함유되지 않은 유기농 제품,체중 조절
미국에서 가장 빠르게 성장하는 보충제 브랜드 1위 콜레우스 뿌리 250mg으로 포스콜린 제공 녹색커피 200mg 흑후추 추출물 녹색커피로 체중 감량  흑후추 추출물 함유 각성제 무함유 유전자 변형 성분 무함유 보충제 효과적인 체중 감량  글루텐 무함유   비건 친화적 100  품질 약속항상 저칼로리 식단과 규칙적인 운동을 포함하는 건강한 체중 감량 계획을 지원합니다  각성제를 사용하지 않는 체중 감량 촉진을 위해 매일 2회 복용하십시오 포스콜린 Coleus forskohlii  추출물 250mg 주요 체중 감량 성분인 녹색커피 추출물 200mg 흑후추 추출물 5 3mg,체중 조절
탄탄한 근육질 몸매 만들기 및 유지 락토오스 무함유 단백질 20g 식이섬유 11g 18가지 과일과 채소 글루텐 무함유 유전자 변형 성분 무함유 단백질 보충제 N53 ,체중 조절
목초 사육 유청 25g 12 과일 및 야채 프로바이오틱 식이섬유 8g 고품질 지방 3 5g 프로바이오틱스 10억CFU 천연향료 목초 사육 장 건강 강화 항생제 무함유 추가 호르몬 무함유 대두 무함유 단백질 분말 드링크 믹스,체중 조절
100  코코넛으로 제조 커피 및 셰이크 혼합에 적합 유익한 지방 함유 지속 가능   천연 에너지 무색  무맛 건강 보조 식품 30회 제공량 유제품 무함유 글루텐 무함유 100  Vegan 100  비건  설탕 무함유,체중 조절
허브 보충제 보충제 비건 상품 Greatness by Nature  허브 보충제 품질 검사 완료 글루텐 무함유 일상의 양념같은 활력 영양소 공급 몸을 따뜻하게 하는 웰빙 효과,체중 조절
영양 보조 식품 가르시니아 캄보지아 추출물 크롬 메이트,체중 조절
보충제 Tonalin   체지방 감소용 체지방 감소 및 근육 긴장도 향상 순도 및 효능 보장,체중 조절
유전자 변형 무함유 성분으로 제조 보충제 각성제 무함유 대두 성분 무함유 비건 제품 코셔 파르브 글루텐 무함유지방산 합성을 낮추는 동시에 지방을 연소하여 에너지로 전환  인슐린이 포도당을 에너지원으로 사용할 수 있는 세포로 운반하는 데 도움  식욕 억제에 도움이 되는 뇌 내 세로토닌이 건강한 수치를 유지하도록 지원 ,체중 조절
자연산 50   HCA을 제공합니다 식욕을 제한할 수 있습니다 탄수화물   지방 신진대사를 촉진합니다 건강보조식품 메이슨 담보   실험실에서 검사된 크로막스,체중 조절
무가당 고단백 에너지 대용식  Simply Natural 오리지널 바닐라 글루텐 무함유 자신만의 감미료를 추가 Tri Part Protein  심장에 좋은 음식 당뇨 환자의 라이프스타일에 적합 채식주의자에게 적합 효모 무함유 유전자 변형 성분 무함유 천연 대두,체중 조절
건강한 체중 관리 MCT 천연 에너지원 100  코코넛 성분 보충제트랜스 지방 무함유 케토 친화 상품 Paleo 인증 유제품 무함유 글루텐 무함유 설탕 무함유,체중 조절
펀더멘탈 포뮬라 일상적인 웰니스 증진 강력한 항산화제 유전자 변형 성분 및 글루텐 무함유  비건 상품 천연 슈퍼 푸드 식물성 성분 보충제 기타 천연 향료 첨가 Unleash Your Potential 코셔 유제품인공 향료 무함유 젤라틴 무함유 보존제 무함유 인공 감미료 무함유,체중 조절
수분 공급 및 체중 증가 완화 근육을 정의하는 포뮬라 각성제 무함유 천연 허브 활성 성분 보충제 활성 성분 2 400mg 이상 GAT 정품   만족도 보장민들레  회향  파슬리  비트 등 9가지 식물 추출물이 수분 배출에 도움이 됩니다  수분 손실로 인해 손실된 칼슘 및 칼륨 전해질 을 대체합니다  코코넛오일을 증류한 MCT로 유효 성분의 효율적인 전달 다른 Jetfuel 써모제닉 상품과 함께 사용하기에 완벽한 선택,체중 조절
휴대 가능 개별포장 스틱팩 14개 기타 천연 향료 첨가 천연 성분으로 에너지 제공  대사 증진 지방 분해 촉진  집중력 강화 웰빙 촉진 인공 색소 무함유 설탕 무함유 인공 향료 무함유 천연 카페인 200mg,체중 조절
활력 주의력 주의력 향상 식품 보충제,체중 조절
무설탕   저칼로리 식품 아님 비타민 맛있는 제품  천연 시나몬 라떼 맛 글루텐 무함유 유전자 변형 성분 무함유 보충제 비건 포뮬라,체중 조절
Burn Fat   Support Metabolism 500 mg Green Tea Extract Vegan No Gelatin Non GMO Dietary Supplement,체중 조절
최고의 스포츠 영양제 천연 이뇨제 빠른 수분 손실 및 근육 정의에 도움 보충제 GMP 인증 탄력   피부톤   정돈 임팩트 있는 상품으로 5일 주기로 유지 빠른 수분 손실 및 근육 정의에 도움,체중 조절
레몬 드롭 보충제 우수 제조 및 품질 관리 기준 GMP 을 준수하는 고품질 상품,체중 조절
체중 관리 1정당 500mg 보충제 지방 흡수 방지에 도움 건강한 식단 및 운동과 병행할 경우 건강한 체중 관리 지원 정상 범위 내 콜레스테롤 수준 유지에 도움 1969년부터 과학에 기반한 고품질 상품 제공,체중 조절
폴리페놀 95    카테킨 75    EGCG 45  HPLC 품질 검사 완료 효능 유해 불순물 무함유 식물성 보충제 코셔 채식주의자에게 적합 글루텐 무함유 유전자 변형 성분 무함유 유당 무함유 1996년 설립 자체 우수 제조 및 품질 관리 기준 GMP  및 미국 식품의약국 검사 시설에서 제조,체중 조절
체중 관리 대사 작용 지원 GMO 없음 건강 보조 식품 채식주의 비건 제품,체중 조절
보충제 Camellia sinensis 캡슐당 300mg 통잎 함유 품질 검사 완료,체중 조절
Vegan Formula Dietary Supplement Keto Friendly Non GMO cGMP Certified,체중 조절
목초 사육 유청 25g 12가지 과일 및 채소 프로바이오틱 섬유소 8g 지방 3 5g 프로바이오틱 10억 CFU 천연 향미료 유전자 변형 성분 없음 글루텐 무함유 인공 성분 없음 방목 사육 20회 제공량 건강 보조 식품,체중 조절
보충제 500억 마리 활성 배양균 생존률을 최대화한 균주 18종 Enteric Shield 식욕 증진 혈당 균형 유지 지속적인 에너지 제공 스트레스 완화 및 정서에 도움 소화 기능 지원,체중 조절
산화질소 지방 연소 인페르노 VasoThermic 신진대사 촉진제 산화질소 펌프 유도제 에너지   펌핑   지방 감량 보충제,체중 조절
100  천연 성분 100  천연 향료 보충제 GMP 인증 인공 향료 무함유 인공 식품 염료 색소 무함유 아스파탐 아세설팜칼륨 무함유 신체의 잠재력 강화 2012년부터 업계 최고의 자리를 지켜온 상품 전 세계 300만 명이 넘는 사람들이 신뢰하는 상품 신뢰할 수 있는 확실한 효과와 더불어 강력한 에너지 충전,체중 조절
Natural and Artifical Flavors Stimulant Free Supports Healthy Weight Management Dietary Supplement Boosts Metabolism Converts Fat To Energy Improves Endurance Performance Supports Weight Management No Animal Testing,체중 조절
Chromium Green Tea  Green Coffee Bean  Cocoa  Theobromine Contains Caffeine  Dietary Supplement Nature Works  Science Proves It   Vegetarian FormulaChromium   Helps the body process carbohydrates and fats  Green Tea   Rich in antioxidants shown to increase fat burning and alertness Green Coffee Bean   A natural source of chlorogenic acid and caffeine  equivalent to about 1 oz  of regular brewed coffee  Cocoa   Supports the nervous system  promotes fat burning  improves energy levels and mood   Theobromine    Shown to support weight loss and help curb appetite ,체중 조절
L Carnitine Energy   Fat Burning Catalyst  Cellular Energy  Fat Metabolism  Powerful Thermogenic  Naturally   Artificially Flavored  Dietary Supplement  Premium Ingredients  Premium Results  ,체중 조절
진정한 시나몬 Igen  유전자 변형 성분 무함유 검사 완료 보충제 정상 혈당 유지 항산화제 인공 보존제 무함유 천연 원료 효능 및 품질 보증 미국 식품의약국 등록 시설에서 제조,체중 조절
Formulated to Help Support Fat Loss  MitoBurn  Dietary Supplement ,체중 조절
Stim Free Liquid Super Thermogenic 2 000 mg L Carnitine 500 mg MitoBurn  Increase Thermogenesis Burn More Calories Ignite Metabolism Natural and Artificial Flavors Dietary Supplement CaloriBurn GP ,체중 조절
The Additive Free Company  Doctor Formulated Clinically Proven Irvingia Gabonensis IGOB131  Dietary Supplement Clinical Potency  Made with Non GMO Ingredients  No Magnesium Stearate  Gluten Free  Vegan Formula,체중 조절
단백질 분말 식사  기타 천연 향료 함유 식물성 단백질 글루텐 무함유 코셔 파르브 초콜릿 Spiru Tein 믹스   믹서기 필요 없음 식물성 효모 무함유 제품 유전자 변형 성분 무함유 천연 대두 심장에 좋은 음식우수한 식물성 단백질 혼합물  대두  완두콩  쌀 대부분의 비타민 하루 영양소 기준치 100  다양한 필수 미네랄 에너지 영양소  고품질 식물성 단백질 다이어트 보조  레시틴  스피룰리나  콜린  이노시톨 효소  브로멜라인 및 파파야 클렌징  클로로필린,체중 조절
대두 성분 무함유 글루텐 무함유 유기농 식이섬유 6g 단백질 20g 유기농 과일 및 채소 10종 USDA 유기농 인증 코셔 비건 인증 QAI 유기농 인증 유전자 변형 성분이 함유되지 않은 유기농 상품,체중 조절
Functional Fuel Low Glycemic Meal Replacement Natural Flavor Protein Powder and Medium Chain Triglyceride Drink Mix Zero Sugars   Not a Low Calorie Food Zero Dyes or Fillers Low Glycemic Index  10 g of Healthy Fats Weight Management Supports Brain Health MCTs For Fuel 20 g of Whey Isolate ClearFacts   Full Label Disclosure with Lab Verification,체중 조절
건강 증진 및 영양소 보충 개선된 포뮬라 비타민B 함유 비건 상품 유전자 변형 성분 무함유 보충제 글루텐 무함유 인공 색소 무함유,체중 조절
Helps Curb Hunger Lose Weight   Keep It Off   with the SlimFast Plan  Artificially Flavored 15 g Slow Digest Protein  5 g Fiber 25 Vitamins   Minerals Including A  C  D  E   Zinc,체중 조절
1973년 설립 폴리페놀 8  및 EGCG 50  허브 보충제 유전자 변형 성분 무함유 프로젝트 인증 품질 검사 완료 비건 보충제 건강한 삶 지원,체중 조절
향상된 바이오퍼린  Bioperine  흡수력  지방을 줄여주는 다이어트 건강보조식품,체중 조절
1969년 설립 USDA 유기농 인증 구미젤리 2개 제공량당 5 000mg 비건 상품 효모 유래 성분  밀  유제품  달걀  땅콩 무함유,체중 조절
성형 식물성 성분 첨가당 0g 대두 무함유 글루텐 무함유 유제품 무함유 100  비건 상품 코셔 CCOF 유기농 인증 유기농은 유전자 변형 성분 무함유 그 이상영지버섯  동충하초  표고버섯 등 계피 가루 순 탄수화물 0g 비타민 해조류  과일  채소  미네랄 해조류  파이토뉴트리언트 과일 및 채소 1인분 제공  B 12 메틸코발라민 MCT 오일프로바이오틱 1회 제공량당 토양 유래 유기물 20억 CFU  우수한 섬유소 공급원,체중 조절
건강 증진 자극제 무함유 체중 감량 지원 탄탄한 근육 강화 보충제,체중 조절
체중 감량  및 소화 보조제 체중 감량의 주요 영역 지원 신진대사 촉진 소화 보충제 카페인 무함유 글루텐 무함유 대두 무함유 인공 색소 무함유 종합적인 소화 지원,체중 조절
식물성 성분 뷰티 및 슬리밍 포뮬라 보충제 첨가당 0g 대두 무함유 글루텐 무함유 유제품 무함유 합성 성분 무함유 코셔 100  비건황기 Astragalus membranaceus  인삼 Panax notoginseng  90칼로리 순 탄수화물 5g 각성제 무함유 지방 세포 형성 감소 건강한 혈중 포도당 수치에 도움 단백질 12g 사프란 추출물  포만감 증진 프리바이오틱 식이섬유 설탕 식욕 감소히알루론산 비타민C 비오틴 흰목이버섯,체중 조절
유기농 비건 상품 유전자 변형 성분 무함유 대두 무함유 글루텐 무함유 단백질 15g 천연 향료 드링크 믹스 순 탄수화물 2g 식이섬유 5g 110칼로리 깨끗한 유기농 영양소 설탕 0g 비트뿌리 스피룰리나 강황 생강뿌리,체중 조절
활기 충전 발효 애플 사이다 식초 보충제,체중 조절
보충제 Tonalin 체지방 감소 및 근육 긴장도 향상 순도 및 효능 보장,체중 조절
락토스 프리 단백질 20 g 과일 및 채소 28종 11 g 식이 섬유소 글루텐 없음 그린 커피 빈,체중 조절
건강   자연   삶 100  식물성 특허받은 ForsLean  추출물 캡슐당 포스콜린 25mg 보충제 100  만족 보장,체중 조절
최대 효능 보장 400mg 폴리페놀 50  표준 식물성 보충제 글루텐 무함유,체중 조절
Nitraburn  기술 적용 운동 전 발열 발열 효과 폭발적인 에너지 고도의 집중력 강력한 근육 증진 효과 발열 촉매 보충제 천연 및 인공 향료 Nitrosigine  함유   결합된 아르기닌 실리케이트 CaloriBurn  카페인 325mg 강력한 열 발생 인세 펌프스 넘치는 강도 GAT NITRAFLEX  BURN으로 더욱 경쟁력을 높이십시오  혈관 확장   반응성 충혈 근육 펌프    근력   에너지   지방 연소   경도,체중 조절
산화질소 지방 연소 인페르노 VasoThermic 신진대사 촉진제 근육 형성 및 운동 능력 강화 에너지   펌핑   지방 감량 보충제 천연 및 인공 향료VasoThermic 신진대사 촉진제 산화질소 펌프 유도제 에너지 및 운동 능력 강화 전해질 보충,체중 조절
숙면 지방 연소제 야간 지방 연소제 3 in 1 수면 및 체중 감량 각성제 무함유 남성 전용 제품 비건 친화적 상품 보충제 신체의 잠재력 강화 2012년부터 업계를 선도 우수 제조 및 품질 관리 기준 GMP 을 준수하는 고품질 상품,체중 조절
Nitraburn  기술 적용 운동 전 발열 발열 효과 폭발적인 에너지 고도의 집중력 강력한 근육 증진 효과 발열 촉매 보충제 천연 및 인공 향미료 Nitrosigine  함유   결합된 아르기닌 실리케이트 CALORIBURN  카페인 325mg 강력한 열 발생 인세 펌프스 넘치는 강도 GAT NITRAFLEX  BURN으로 더욱 경쟁력을 높이십시오  혈관 확장   반응성 충혈 근육 펌프    근력   에너지   지방 연소   경도,체중 조절
Nitraburn  기술 적용 운동 전 발열 발열 효과 폭발적인 에너지 고도의 집중력 강력한 근육 증진 효과 발열 촉매 보충제 천연 및 인공 향료 Nitrosigine  함유   결합된 아르기닌 실리케이트 CALORIBURN  카페인 325mg 강력한 열 발생 인세 펌프스 넘치는 강도 GAT NITRAFLEX  BURN으로 더욱 경쟁력을 높이십시오  혈관 확장   반응성 충혈 근육 펌프    근력   에너지   지방 연소   경도,체중 조절
Conjugated Linoleic Acid Lean Muscle Dietary Supplement Gluten Free Non GMO 1 250 mg Contains 1 000 mg of Active CLA Isomers per Softgel Healthy Fat to Support Metabolism,체중 조절
Formulated To Help Support Fat Loss Powered By CaloriBurn  Dietary Supplement,체중 조절
1973년 설립 혈당 건강 증진 보충제 품질 검사 완료 건강한 삶 지원,체중 조절
체중 관리 캡슐당 500mg Phase 2 Carb Controller  보충제 건강한 체중 관리 증진 식이 전분의 효소 소화를 감소 전반적인 건강 증진 1969년부터 과학에 기반한 고품질 상품 제공,체중 조절
각성제 무첨가 체중 관리제 InnoBio CLA 750 mg | 아세틸 L 카르니틴 500 mg | 녹차 추출물 250 mg | 파라독신 25 mg 50회 제공량 건강 보조 식품유제품과 동물성 지방에서 발견됨 건강한 신진대사 지원에 도움정신 기능과 운동 능력 지원 지방산 CLA 이 에너지로 전환되는 미토콘드리아 세포로 이동하는데 도움을 줌에너지 소비를 늘려 체중 관리를 지원 신체가 산화 스트레스 및 유리기에 대항하는 것을 지원더 많은 에너지 소비를 위해 갈색지방조직을 활성화 시키는데 도움을 줄 수 있음 음식물 당류로부터 지방 저장을 방지하는 능력 향상에 도움,체중 조절
신진대사 증진 강화 천연 유래 성분 97  함유 GMP 인증 글루텐 무함유 화학 성분 무함유,체중 조절
체중 관리 캡슐당 400mg 보충제 건강한 체중 지원을 위해 전통적으로 사용되는 제품 순수한 프리미엄 그린 커피콩 가루 Full Spectrum  천연 콩 포뮬라 1969년부터 과학에 기반한 고품질 상품 제공,체중 조절
에너지 증진 건강한 체중 및 에너지 유지에 도움 항산화 강화 허브 보충제 1973년 1987년 무결점  순도  효능 B 기업 인증 비건 글루텐 무함유 대두 무함유 1987년부터 다양한 식물을 소비자에게 제공,체중 조절
에너지 보조제 가르시니아 캄보지아 Garcinia Cambogia  건강보조식품 채식주의 저자극성 글루텐 프리 고품질 천연 보조식품,체중 조절
1989년 설립 더 나은 삶을 위한 길 개선된 흡수력 중간사슬지방 5400 밀리그램 좋은 맛과 감촉 엄격한 채식주의자 포뮬러맛있는 코코아스무디의 맛과 질감 개선된 흡수 기술 인공적인 색소와 풍미가 없음 설탕 무포함 디메틸에 의한 자연적인 단감 굴루틴 무포함 Non GMO 채식,체중 조절
1989년 설립 Seriously Delicious 코셔 흡수가 뛰어난 포뮬라 천연 과일 향료 보충제 달콤한 맛과 크리미한 식감 인공 향료 및 색소 무함유 설탕 무함유 글루텐 무함유 유전자 변형 성분 무함유 비건필수 영양소가 함유된 맛있는 상품을 제조하기 위해 최선을 다합니다  초정제 피쉬 오일만 사용하십시오  국내는 물론 전 세계에 도움을 줄 수 있도록 상품의 수익을 공유합니다 ,체중 조절
건강 보조식품 천연 활성 성분,체중 조절
유기농 비건 상품 유전자 변형 성분 무함유 대두 무함유 글루텐 무함유 단백질 15g 천연 향료 드링크 믹스 순 탄수화물 2g 식이섬유 5g 110칼로리 깨끗한 유기농 영양소 설탕 0g 비트 뿌리 스피룰리나 강황 생강 뿌리,체중 조절
유기농 비건 상품 유전자 변형 성분 무함유 대두 무함유 글루텐 무함유 단백질 15g 천연 향료 드링크 믹스 순 탄수화물 2g 식이섬유 5g 110칼로리 깨끗한 유기농 영양소 설탕 0g 비트 뿌리 스피룰리나 강황 생강 뿌리,체중 조절
유기농 비건 상품 유전자 변형 성분 무함유 대두 무함유 글루텐 무함유 단백질 15g 천연 향료 드링크 믹스 순 탄수화물 2g 식이섬유 5g 110칼로리 깨끗한 유기농 영양소 설탕 0g 비트 뿌리 스피룰리나 강황 생강뿌리,체중 조절
유기농 세레모니얼 말차 녹차 보충제 USDA 유기농 인증 유전자 변형 성분  유제품  글루텐 무함유 Oregon Tilth 유기농 인증 코셔 인증 B  corp  인증,체중 조절
유기농 세레모니얼 녹차 보충제 USDA 유기농 인증 유전자 변형 성분  유제품  글루텐 무함유 Oregon Tilth 유기농 인증 코셔 인증 B  corp  인증,체중 조절
자체 우수 제조 및 품질 관리 기준 GMP  및 FDA 검사 시설에서 제조 코셔 임상 효능이 있는 발열 성분 신진대사 촉진 칼로리 연소 에너지 증진 60회 제공량 보충제 Advantra Z  유전자 변형 성분 무함유 글루텐 무함유 BST TSE 무함유 1996년 설립강력한 지방 대사 성분으로 고질적인 체지방 감소에 도움 열 발생 촉진 및 하루 종일 더 많은 칼로리 연소 식욕 및 공복감을 효과적으로 조절하여 간편한 칼로리 부족 상태 유지 에너지 생성을 촉진하여 칼로리가 낮을 때에도 활력 유지 집중력 및 주의력 강화 및 멘탈 포그 예방에 도움,체중 조절
최대 강도 완벽한 소화기 클렌징 보충제 사과 식초  강황  생강 및 카이엔 함유 Greatness by Nature  소화기관 클렌징 및 심장 건강을 위한 발열 포뮬라 GMP   우수 제조 및 품질 관리 기준 균일한 품질 품질 검사 완료 유전자 변형 없는 성분으로 제조,체중 조절
Advanced Digestive   Water Fluid Balance Plant Based Series Plus Probiotics and Enzymes Dietary Supplement   Diet Plan  Natural Max  Diet,체중 조절
체지방을 줄여줍니다 채식주의 인증 건강보조식품,체중 조절
1973년 설립 에너지 증진 건강한 삶 지원 보충제 품질 검사 완료 비건,체중 조절
베이직 시리즈 공액리놀레산 신진대사 활동 지원 자극제 무함유 보충제,체중 조절
과학   혁신   품질   효과 공액리놀레산 천연 잇꽃 오일에서 추출 95  활성 공액리놀레산 이성질체 보충제 순도 및 효능 검사 완료 품질 보증 생산 단위별 품질 검사 완료 우수 제조 및 품질 관리 기준 cGMP  등록 시설 글루텐 무함유 검사 완료 전문 등급의 보충제,체중 조절
Ephedra Free Fat Burner Thermogenic Weight Loss Formula  Original Formula  Dietary Supplement  The Diet Company ,체중 조절
Nitraburn  기술 적용 운동 전 발열 발열 효과 폭발적인 에너지 고도의 집중력 강력한 근육 증진 효과 발열 촉매 보충제 천연 및 인공 향료 Nitrosigine  함유   결합된 아르기닌 실리케이트 CaloriBurn  카페인 325mg 강력한 열 발생 인세 펌프스 넘치는 강도 GAT NITRAFLEX  BURN으로 더욱 경쟁력을 높이십시오  혈관 확장   반응성 충혈 근육 펌프    근력   에너지   지방 연소   경도,체중 조절
CLA SVG 1g 최고의 체중 감량 건강한 체중 감량 지원 스팀 무함유 데이   나이트 포뮬라 순근육 증진 보충제 자신을 재정의하기,체중 조절
CLA SVG 1g 최고의 체중 감량 건강한 체중 감량 지원 스팀 무함유 데이   나이트 포뮬라 순근육 증진 보충제건강한 체중 감량 올데이 포뮬라 순근육 형성,체중 조절
천연 및 인공 향료 각성제 무함유 액상 l 카르니틴 건강한 체중 관리 지원 31회 제공량 보충제 미국 식품의약국 검사 완료 시설 대사 증진 지방을 에너지로 전환 지구력 향상 체중 관리에 도움 FDA 검사 완료 시설에서 제조 NO 동물실험 GMP 준수 시설에서 생산,체중 조절
천연 및 인공 향료 의사가 설계한 포뮬라 대사 촉매 및 에너지 지방 산화 및 땀 증가에 도움 30회 제공량 보충제 대사 증진 열 발생 증가 심장 기능 강화 수분 손실 지방 산화 및 땀 증가에 도움 우수 제조 및 품질 관리 기준 GMP  인증 시설에서 생산된 상품 NO 동물실험,체중 조절
천연 및 인공 향료 의사가 설계한 포뮬라 지방 산화 및 땀 증가에 도움 보충제 대사 증진 열 발생 증가 심장 기능 강화 수분 손실 지방 산화 및 땀 증가에 도움 NO 동물실험,체중 조절
Collagen HA   CLA Micellar Technology Dietary Supplement Micellar Technology Soy Free Gluten Free Sugar Free,체중 조절
Collagen HA   CLA Micellar Technology Dietary Supplement Micellar Technology Soy Free Gluten Free Sugar Free,체중 조절
Accelerate Your Weight Loss Achieve Your Goals Stimulant Free Fat Burn Energy   Metabolism Natural   Artificial Flavors Boost Endurance Healthy Energy Support Fat Burning Non GMO Gluten Free Dye Free BPA Free Paraben Free 31 Servings Dietary Supplement 2x Boost Energy and Fat Burning Health For Every LifestyleEnergy Stored As Fat Carnitine Shuttles Fat Cells To Mitochondria Mitochondria Converts Fat Into Energy Increased Fat Burning   Energy,체중 조절
For Reducing Body Fat A Dietary Supplement to Support Weight Management and Lean Muscle Mass Gluten Free 72  82  CLA Per Softgel,체중 조절
Made with Non GMO Ingredients Standardized to Yield 250 mg Hydroxycitrate Per Capsule A Dietary Supplement to Support Weight Management Vegetarian Gluten Free,체중 조절
No Hormones  Antibiotics or Gluten Non GMO Naturally Honest  No Artificial Sweeteners Supports  Mental Clarity  Increased Energy  Appetite Management 100  C8 MCT Creamy   Delicious Never Clumps No Added Junk Dietary Supplement BSE TSE Free Soy Free Corn Free Keto Friendly 2g Net Carbs  BPA Free Hot or Cool Mixes Easily,체중 조절
No Hormones  Antibiotics or Gluten Non GMO Naturally Honest  No Artificial Sweeteners Supports  Mental Clarity  Increased Energy  Appetite Management 100  C8 MCT Naturally Flavored Dietary Supplement Never Clumps No Added Junk BSE TSE Free Soy Free Corn Free Keto Friendly 3 g Net Carbs  BPA Free Hot or Cool Mixes Easily,체중 조절
L Carnitine Energy   Fat Burning Catalyst  Cellular Energy  Fat Metabolism  Powerful Thermogenic  Naturally   Artificially Flavored  Dietary Supplement  Premium Ingredients  Premium Results  ,체중 조절
Non Stim Fat Metabolizer Reduce Body Fat Antioxidant Protection Increased Metabolism Dietary Supplement,체중 조절
Highly Potent Fat Burner Targeted Fat Burning Increased Thermogenesis Dietary Supplement,체중 조절
Medium Chain Triglycerides 3 600 mg Per Serving Keto Formula Contains Caprylic   Capric Acid Gluten Free Non GMO Dietary Supplement Supports Your Health   Fitness Goals,체중 조절
Demeter Certified Biodynamic  데메테르 인증 Biodynamic   USDA 유기농 인증 1회 제공량당 1 000mg 보충제 유기농 인증 기관  QCS 2001년부터 고품질 상품 제공,체중 조절
Be SuperHuman 되기 발열 효과 최대 천연 향료 및 인공 향료 보충제 미국산 및 수입 성분을 사용하여 미국에서 제조 칼로리 연소 촉진   신진대사율과 칼로리 소모를 높이는 Caloriburn GP  열 발생 증가   MitoBurn  운동 효과 강화 체성분 개선   새로운 다중 경로 포뮬라로 효과 극대화 지방 활용 최적화   InnoSlim    Actiponin 은 지방 연소 경로를 증폭 기반 연구   최신 과학 기술로 제조 100  투명한 라벨링,체중 조절
Stim Free Liquid Super Thermogenic 2 000 mg L Carnitine 500 mg MitoBurn  Increase Thermogenesis Burn More Calories Ignite Metabolism Natural and Artificial Flavors Dietary Supplement CaloriBurn GP ,체중 조절
흡수율을 극대화한 포뮬라 자메스 Axe 포뮬라 USDA 유기농 인증 10가지 이상의 슈퍼 푸드 사과 식초 함유 천연 식품 보충제사과 식초 강황 엘더베리 홀리 바질,체중 조절
공액리놀레산 지방 분해 촉진 효능 검사 완료 유해 불순물 무함유 보충제 글루텐 무함유 | 유전자 변형 성분 무함유 | 유당 무함유 | BSE TSE 무함유 1996년 설립,체중 조절
최고의 스포츠 영양제 지방 연소제 에너지 증진 및 집중력 향상 발열 지원 신진대사 증진 보충제 연구된 성분 우수 제조 및 품질 관리 기준 품질 보증   GMP 인증 시설에서 제조신진대사 촉진 지방 감소 촉진 일일 에너지 증진,체중 조절
MCT 두뇌  에너지  신진대사 건강 1회 제공량당 14g 천연 코코넛오일 함유 보충제 건강한 뇌 기능 및 인지 건강 증진 케톤을 생성하는 중쇄중성지방의 공급원 활동적인 라이프스타일을 지원하는 풍부한 칼로리의 빠른 에너지원 1969년부터 과학에 기반한 고품질 상품 제공 식물성,체중 조절
유전자 변형 성분 무함유 깨끗한 영양 성분 글루텐 무함유 유제품 무함유 에너지 대사 증진 채식주의자에게 적합 보충제,체중 조절
단백질 25g 섬유소 6g 탄수화물 16g 보충제 천연 향료 퀵밀을 선택해야 하는 이유 총 식사 대용식 MCT 오일 천연 식품 원료에서 추출,체중 조절
단백질 25g 섬유소 7g 탄수화물 17g 보충제 천연 향료 퀵밀을 선택해야 하는 이유 총 식사 대용식 MCT 오일 천연 식품 원료에서 추출,체중 조절
40 g Protein 45 g Carbohydrates 14 g Fat Naturally Flavored  Naturally Sweetened Complete Nutrition Meal Replacement Informed We Test  You Trust   Sport Banned Substance Tested Every Batch Bare Standard Manufactured in a GMP Compliant Facility,체중 조절
40 g Protein 48 g Carbohydrates 15 g Fat Naturally Flavored  Naturally Sweetened Complete Nutrition Meal Replacement Informed We Test  You Trust   Sport Banned Substance Tested Every Batch Bare Standard Manufactured in a GMP Compliant Facility,체중 조절
운동 능력이 뛰어난 사람들을 위한 고효능 상품 Super Strength Technology  서방형 활력 신진대사 집중력 Terra Intelligent Dosing  보충제 cGMP 20회 제공량Sensoril  TeaCrine BioPerine ,체중 조절
Plant Based On The Go Single Servings Naturally Sweetened Naturally Flavored Dietary Supplement Toss  Shake  Enjoy   Gluten Free  No Added Sugar  Good Source of Fiber  16 g Protein Potable   Convenient  100  Vegan 26 Vitamins   Minerals  10 Superfoods Only The Highest Quality IngredientsOats Brown Rice  Chicory RootCoconut Oil MCT Oil FlaxseedWheatgrass  Kale ChlorellaMagnesium  Vitamin B12 Vitamin B6Pea Protein Brown Rice,체중 조절
Gummiology 사과 식초 구미젤리 사과 식초 및 생강 Zingiber officinale  함유 천연 사과 향료 전반적인 건강 및 건강한 혈당 수치에 도움  채식주의자에게 적합 인공 색소  인공 향료  인공 감미료 무함유 젤라틴  글루텐  유전자 변형 성분  대두 무함유 cGMP 인증 시설에서 생산,체중 조절
Clean 활성 영양소 순근육 신진대사 부스터 면역력 지원 제3 기관 검사 완료 총 180회 제공량 품질 보증 보충제,체중 조절
체중 관리용    50억CFU  대상 균주 6종 흰강낭콩 추출물   및 Orafti  P95 프리바이오틱스 함유 15배 더 높은 생존율  특허받은 서방형 정제 채식주의자에게 적합한 제품 유제품 무함유 글루텐 무함유 프리미엄 프로바이오틱 보충제,체중 조절
Super Thermogenic Powered by  TeaCrine   IrisinXD  200 mg Caffeine Extreme Effects Supports Appetite Suppression Concentration Enhancement Hours of Clean Energy Dietary Supplement,체중 조절
USDA 유기농 건강 보조 식품 QCS 인증 유기농,체중 조절
1967년 설립 신진대사에 도움 보충제 Mason 보증   품질 검사 완료 우수 제조 및 품질 관리 기준 GMP  인증,체중 조절
다이어트 포뮬라   자몽  레시틴  B 6  크로뮴  해조류 및 글루코만난 곤약 뿌리에서 추출  함유 건강한 포도당 신진대사 증진 유전자 변형 성분 무함유 보충제 채식주의자 비건에게 적합 코셔 일반 건강 1968년 설립된 가족 기업 우수 제조 및 품질 관리 기준 GMP  품질 보증,체중 조절
Optima Valitudine  Excellent Health  Herbal Supplement,체중 조절
1947년 설립 계피 Cinnamomum spp   보충제 비건에게 적합 글루텐  밀  유제품 무함유 유전자 변형 성분 무함유 글루텐 무함유 인증 코셔 파르브 인증,체중 조절
25년 이상 지켜 온 프리미엄 품질 액티브 홀 스펙트럼 추출물 비건 제품 유전자 변형 없는 성분으로 제조 글루텐 무함유 보충제 Enhancing Nature s Miracles Since 1994 우수 제조 및 품질 관리 기준 GMP  품질 보증   FDA 등록,체중 조절
 천연 CLA 함유  체중 관리 심혈관 질환 예방 전반적인 건강에 도움이 되는 제품 건강 보조 식품,체중 조절
임상적으로 연구된 Svetol  지방 연소에 도움 USDA 유기농 인증 유전자 변형 성분 무함유 프로젝트 인증 보충제 코셔 QCS 유기농 인증 B  corp  인증 NSF 글루텐 무함유 인증 비건 인증,체중 조절
1947년 설립 항산화 건강 건강한 혈당 대사 지원 유전자 변형 성분 무함유 글루텐  밀   유제품 무함유 코셔 파르브 비건에게 적합 보충제,체중 조절
1947년 설립 글루텐  밀 성분  유제품 모두 없음 유전자 변형 성분 없음 건강 보조 식품 비건에게 적합한 제품 코셔 파르브,체중 조절
HealthyBIOM 체중 및 에너지 프리바이오틱   프로바이오틱 120억CFU 함유 프리바이오틱 및 프로바이오틱 체중 관리 및 에너지 증진   채식주의자와 비건에게 적합 글루텐  유전자 변형 성분  대두 무함유 우수 제조 및 품질 관리 기준 cGMP  인증 시설에서 생산,체중 조절
가장 강력한 체중 감량 및 에너지 향상 강력한 열 발생 에너지 및 집중력 강화 임상 시험 완료 DygloFit  보충제 CapsiMax Capsicum 추출물 Zembrin  Capros 슈퍼 과일 항산화제,체중 조절
항산화 효과 캡슐당 500mg 허브 보충제 활성산소를 중화하는 항산화제 폴리페놀 함유 건강한 에너지  활력 증진 및 두뇌 기능에 도움 관절 기능의 편안함  심혈관 건강  면역 방어 증진 1969년부터 과학에 기반한 고품질 상품 제공,체중 조절
Get Lean   Stay Lean 유당 무함유 단백질 20g 식이섬유 9g 18가지 과일과 채소 글루텐 무함유 유전자 변형 성분 무함유 단백질 보충제 N53 ,체중 조절
탄탄한 근육질 몸매 만들기 및 유지 락토오스 무함유 단백질 20g 식이섬유 10g 18가지 과일과 채소 글루텐 무함유 유전자 변형 성분 무함유 단백질,체중 조절
탄탄한 근육질 몸매 만들기 및 유지 락토오스 무함유 단백질 20g 식이섬유 7g 18가지 과일과 채소 글루텐 무함유 유전자 변형 성분 무함유 단백질 보충제 N53 ,체중 조절
탄탄한 근육질 몸매 유지 공액리놀레산 그린 커피콩 추출물 콜라겐 단백질 10g 27가지 비타민 및 미네랄 애시도필러스 프로바이오틱 15회 제공량 보충제 N53 ,체중 조절
탄탄한 근육질 몸매 유지 공액리놀레산 그린 커피콩 추출물 콜라겐 단백질 10g 27가지 비타민 및 미네랄 애시도필러스 프로바이오틱 15회 제공량 보충제 N53 ,체중 조절
탄탄한 근육질 몸매 유지 락토오스 무함유 단백질 20g 식이섬유 9g 18가지 과일과 채소 글루텐 무함유 유전자 변형 성분 무함유 단백질 보충제 N53 ,체중 조절
탄탄한 근육질 몸매 만들기 및 유지 천연 및 인공 향료 락토오스 무함유 단백질 20g 식이섬유 7g 18가지 과일과 채소 글루텐 무함유 유전자 변형 성분 무함유 단백질 N53 ,체중 조절
탄탄한 근육질 몸매 만들기 및 유지 천연 및 인공 향료 식물성 단백질 20g 식이섬유 8g 10가지 과일 및 채소 21가지 비타민 및 무기질 글루텐 무함유 포뮬라 그린 커피콩 추출물 N53 ,체중 조절
탄탄한 근육질 몸매 유지 식물성 단백질 20g 식이섬유 13g 18가지 과일과 채소 24가지 비타민과 미네랄 글루텐 무함유 포뮬라 그린 커피콩 추출물 N53  보충제,체중 조절
탄탄한 근육질 몸매 유지 식물성 단백질 20g 식이섬유 13g 18가지 과일과 채소 24가지 비타민과 미네랄 글루텐 무함유 포뮬라 그린 커피콩 추출물 N53  보충제,체중 조절
USDA 유기농 인증 유전자 변형 성분 무함유 프로젝트 인증 프리바이오틱  초모 가 함유된 유기농 및 무가공 식품 8샷 함유 Vermont Organic Farmers LLC 인증 유기농 상품 글루텐 무함유,체중 조절
전문 등급의 보충제 과학   혁신   품질   효과 오전   정오   오후 각성제 무함유 포뮬라 신진대사 촉진   칼로리 소모   식욕 관리 향상된 발한 기술 보충제 CaloriBurn  모든 생산 단위에 대해 품질 검사 완료 유전자 변형 성분 무함유 cGMP 등록 시설,체중 조절
USDA 유기농 인증 유전자 변형 성분 무함유 프로젝트 인증 프리바이오틱  초모 가 함유된 유기농 및 무가공 식품 8샷 함유 Vermont Organic Farmers LLC 인증 유기농 상품 글루텐 무함유,체중 조절
Super Keto Sustained Energy Fat Burning Fuel Fewer Cravings Dietary Supplement,체중 조절
Supports a Calm State of Mind Dietary Supplement,체중 조절
Quality You Can Trust  Dietary Supplement 1 Tablet Per Day 100 Tablets Per Bottle,체중 조절
Neurological   Stress Support Relaxation   Sleep Cognitive Wellness Cellular Regulation Dietary Supplement Formulated by Isaac Eliaz  MD  LAc Gluten Free Non GMO Vegan Friendly,체중 조절
활력 집중력 신진대사 천연 및 인공 향료 보충제,체중 조절
Thermogenic  Multi Path Fat Burner  Dietary Supplement  14 Fat Melting Nutrients  60  HCA  Thermo Blend Helps Curb Cravings ,체중 조절
Dietary Supplement  100 mg Omega 3 Fatty Acids Healthy Weight Loss Support  Supports Lean Muscle While Dieting ,체중 조절
Fuel Your Best  No Gluten  Soy  Carrageenan Naturally Flavored Contains MCTs Only 4 g Net Carbs  Powder ,체중 조절
Fuel Your Best  No Gluten  Soy  Carrageenan Naturally Flavored Contains MCTs Only 5 g Net Carbs  Powder ,체중 조절
Fuel Your Best  No Gluten No Dairy No Artificial Sweeteners Enhance Ketosis Replenishes Electrolytes Exogenous Ketone Supplement Contains goBHB  Natural Flavors Dietary Supplement Stimulant Free Contains go BHB Ketologic Keto 30   Fuel Your Best Challenge,체중 조절
Stimulant Free Contains goBHB  Boosts Ketones Dietary Supplement,체중 조절
Stimulant Free Contains BHB Dietary Supplement,체중 조절
Stimulant Free Contains goBHB  Dietary Supplement,체중 조절
Real Pomegranate Beet Juice  Vegan Gluten Free Non GMO Soy Free Dietary Supplement Digestion Support Promotes Immune Health Supports Healthy Weight,체중 조절
